"God <b>created</b> the world in six days.","神は6日間で世界を<b>創造</b>した。"
"The startup <b>created</b> an app that saves time.","その新興企業は時間を節約できるアプリを<b>作っ</b>た。"
"The new policy <b>created</b> opportunities for young researchers.","新しい方針は若手研究者に機会を<b>生み出</b>した。"
"Her careless remark <b>created</b> a misunderstanding.","彼女の不注意な発言が誤解を<b>生ん</b>だ。"

"The population has <b>increased</b> by 5%.","人口は5％<b>増加</b>した。"
"Sales <b>increased</b> rapidly in the final quarter.","売上は最終四半期に急速に<b>増加</b>した。"
"Their budget <b>increased</b> after the grant was approved.","助成金が認可された後、彼らの予算は<b>増え</b>た。"
"Traffic <b>increased</b> during the holiday season.","休暇シーズンには交通量が<b>増え</b>た。"

"I want to <b>improve</b> my English skills.","英語力を<b>伸ばし</b>たい。"
"We need to <b>improve</b> customer satisfaction.","顧客満足度を<b>改善</b>する必要がある。"
"Regular practice can <b>improve</b> your pronunciation.","定期的な練習で発音は<b>上達</b>する。"
"She <b>improved</b> her score by ten points.","彼女はスコアを10点<b>上げ</b>た。"

"What do you <b>mean</b> by that?","それはどういう<b>意味</b>ですか。"
"I didn't <b>mean</b> to offend you.","あなたを不快にさせる<b>つもり</b>はなかった。"
"This map <b>means</b> the area is restricted.","この地図はその地域が立入禁止であることを<b>示す</b>。"
"Her silence <b>meant</b> she disagreed.","彼女の沈黙は反対を<b>意味</b>した。"

"He <b>owns</b> a large house in the city.","彼は市内に大きな家を<b>持っ</b>ている。"
"My uncle <b>owns</b> a small bookstore.","私の叔父は小さな本屋を<b>所有</b>している。"
"The company <b>owns</b> several patents.","その会社はいくつかの特許を<b>所有</b>している。"
"She <b>owns</b> up to her mistake.","彼女は自分の間違いを<b>認め</b>る。"

"The price <b>includes</b> tax.","価格は<b>税込</b>みだ。"
"Breakfast <b>is included</b> in the room rate.","朝食は宿泊料金に<b>含ま</b>れている。"
"The package <b>includes</b> a user guide and cables.","そのパッケージにはユーザーガイドとケーブルが<b>含ま</b>れている。"
"The fee <b>includes</b> materials and shipping.","料金には材料費と送料が<b>含ま</b>れる。"

"We <b>considered</b> him to be a genius.","彼は天才だと<b>思わ</b>れていた。"
"We <b>consider</b> several options before deciding.","決定する前にいくつかの選択肢を<b>検討</b>する。"
"Please <b>consider</b> your health when choosing a job.","仕事を選ぶ際は健康面を<b>考慮</b>してください。"
"They <b>considered</b> moving to another city.","彼らは別の都市への引っ越しを<b>検討</b>した。"

"My parents didn't <b>allow</b> me to go out at night.","両親は夜の外出を<b>許</b>してくれなかった。"
"The school <b>allows</b> students to use the library after hours.","その学校は授業後に学生の図書館利用を<b>許可</b>している。"
"This ticket <b>allows</b> entry for two adults.","このチケットは大人2人の入場を<b>認め</b>る。"
"Please <b>allow</b> three days for delivery.","配達には3日<b>かかる</b>ことをご理解ください。"

"He <b>suggested</b> that we should go to the park.","彼は公園に行こうと<b>提案</b>した。"
"She <b>suggested</b> trying a different approach.","彼女は別のやり方を試すことを<b>提案</b>した。"
"The data <b>suggests</b> a steady recovery.","そのデータは着実な回復を<b>示唆</b>している。"
"Can you <b>suggest</b> a good restaurant?","良いレストランを<b>提案</b>してくれますか。"

"This factory <b>produces</b> cars.","この工場では車を<b>作っ</b>ている。"
"Our farm <b>produces</b> fresh vegetables year-round.","私たちの農場は一年中新鮮な野菜を<b>生産</b>する。"
"The project <b>produced</b> valuable results.","そのプロジェクトは貴重な成果を<b>生み出</b>した。"
"Too much stress can <b>produce</b> headaches.","過度のストレスは頭痛を<b>引き起こ</b>すことがある。"

"We need to <b>decide</b> by Friday.","金曜日までに<b>決め</b>る必要がある。"
"She couldn't <b>decide</b> which dress to buy.","彼女はどのドレスを買うか<b>決め</b>られなかった。"
"The jury <b>decided</b> in favor of the defendant.","陪審は被告に有利な<b>判断</b>を下した。"
"Let's <b>decide</b> on a time that suits everyone.","全員に都合の良い時間を<b>決め</b>よう。"

"They <b>offer</b> free shipping on orders over $50.","50ドル以上の注文は送料無料を<b>提供</b>している。"
"Can I <b>offer</b> you some help?", "手伝いを<b>申し出</b>てもいいですか。"
"The company <b>offered</b> me a job with benefits.","その会社は福利厚生付きの仕事を<b>提示</b>した。"
"She <b>offered</b> to drive us to the station.","彼女は駅まで車で送ると<b>申し出</b>た。"

"This position <b>requires</b> strong communication skills.","この職は高いコミュニケーション能力を<b>要求</b>する。"
"The test <b>required</b> us to show ID.","その試験では身分証の提示が<b>必要</b>だった。"
"Growing plants <b>requires</b> patience and care.","植物を育てるには忍耐と手入れが<b>必要</b>だ。"
"The job <b>requires</b> working on weekends.","その仕事は週末の勤務が<b>必要</b>だ。"

"We <b>share</b> a small apartment.","私たちは小さなアパートを<b>共有</b>している。"
"Please <b>share</b> your thoughts with the team.","考えをチームに<b>共有</b>してください。"
"She <b>shared</b> her notes with classmates.","彼女はノートをクラスメートに<b>共有</b>した。"
"They <b>shared</b> the cost of the trip.","彼らは旅行代を<b>分担</b>した。"

"You should <b>store</b> the files in the cloud.","そのファイルはクラウドに<b>保存</b>したほうがいい。"
"We <b>stored</b> extra food for winter.","冬に備えて食料を<b>蓄え</b>た。"
"This device can <b>store</b> up to 2TB of data.","この装置は最大2TBのデータを<b>保存</b>できる。"
"He <b>stores</b> memories in a journal.","彼は日記に思い出を<b>記録</b>している。"

"Many people <b>tend</b> to check phones at night.","多くの人は夜に携帯を見る<b>傾向</b>がある。"
"She <b>tended</b> the garden every morning.","彼女は毎朝庭を<b>世話</b>した。"
"Prices <b>tend</b> to rise before holidays.","休日前は価格が上がる<b>傾向</b>がある。"
"He <b>tends</b> to be late for meetings.","彼は会議に<b>遅れがち</b>だ。"

"This issue <b>concerns</b> public safety.","この問題は公共の安全に<b>関係</b>する。"
"I'm <b>concerned</b> about the results.","私は結果を<b>心配</b>している。"
"The memo <b>concerns</b> all staff members.","そのメモは全職員に<b>関係</b>がある。"
"The topic <b>concerned</b> budget cuts.","その話題は予算削減に<b>関係</b>していた。"

"Can you <b>describe</b> what happened?","何が起きたか<b>説明</b>してもらえますか。"
"The guide <b>described</b> the museum's history.","ガイドは博物館の歴史を<b>述べ</b>た。"
"Words cannot <b>describe</b> her kindness.","彼女の優しさは言葉では<b>表せ</b>ない。"
"He <b>described</b> the scene in detail.","彼はその場面を詳しく<b>描写</b>した。"

"The job <b>involves</b> traveling abroad.","その仕事は海外出張を<b>伴</b>う。"
"She <b>was involved</b> in the research project.","彼女は研究プロジェクトに<b>関与</b>していた。"
"This game <b>involves</b> strategy and luck.","このゲームは戦略と運を<b>伴</b>う。"
"Don't <b>involve</b> kids in the argument.","子どもをその口論に<b>巻き込</b>まないで。"

"We must <b>reduce</b> plastic waste.","プラスチックごみを<b>減ら</b>さなければならない。"
"The company <b>reduced</b> costs last year.","その会社は昨年コストを<b>削減</b>した。"
"Cutting sugar can <b>reduce</b> health risks.","砂糖を減らすと健康リスクを<b>減ら</b>せる。"
"They <b>reduced</b> the price to attract customers.","顧客を引きつけるため価格を<b>下げ</b>た。"

"We will <b>design</b> a user-friendly interface.","使いやすいインターフェースを<b>設計</b>する。"
"She <b>designed</b> a logo for the club.","彼女はクラブのロゴを<b>デザイン</b>した。"
"The plan was carefully <b>designed</b> to reduce costs.","その計画はコスト削減のため慎重に<b>設計</b>された。"
"Let's <b>design</b> a study to test the idea.","その考えを検証する研究を<b>計画</b>しよう。"

"Don't <b>force</b> him to agree.","彼に同意を<b>強要</b>しないで。"
"Heavy rain <b>forced</b> the game to stop.","大雨で試合は<b>中止を余儀なく</b>された。"
"She <b>forced</b> a smile despite the bad news.","悪い知らせにもかかわらず彼女は<b>作り笑い</b>をした。"
"The door was <b>forced</b> open by the police.","ドアは警察に<b>こじ開け</b>られた。"

"We need to <b>limit</b> screen time for kids.","子どものスクリーン時間を<b>制限</b>する必要がある。"
"The law <b>limits</b> the number of participants.","その法律は参加者数を<b>制限</b>している。"
"He <b>limited</b> his comments to five minutes.","彼は発言を5分に<b>制限</b>した。"
"There is a <b>limit</b> to what we can do.","私たちにできることには<b>限界</b>がある。"

"I can't <b>bear</b> the cold without a coat.","コートなしでは寒さに<b>耐え</b>られない。"
"She <b>bore</b> the heavy box upstairs.","彼女は重い箱を抱えて階上へ<b>運ん</b>だ。"
"He <b>bears</b> responsibility for the decision.","彼はその決定の責任を<b>負って</b>いる。"
"The tree <b>bears</b> fruit in late summer.","その木は夏の終わりに実を<b>つけ</b>る。"

"The change will <b>affect</b> prices nationwide.","その変更は全国の価格に<b>影響</b>する。"
"Noise <b>affects</b> our ability to concentrate.","騒音は集中力に<b>影響</b>を与える。"
"Her speech deeply <b>affected</b> the audience.","彼女のスピーチは聴衆に深い<b>感動</b>を与えた。"
"This medicine may <b>affect</b> your sleep.","この薬は睡眠に<b>影響</b>するかもしれない。"

"We must <b>deal</b> with the problem quickly.","問題に迅速に<b>対処</b>しなければならない。"
"They <b>deal</b> in second-hand books.","彼らは古本を<b>商って</b>いる。"
"She <b>dealt</b> the cards and began the game.","彼女はカードを<b>配って</b>ゲームを始めた。"
"Let's <b>deal</b> the work fairly among us.","仕事を私たちの間で公平に<b>分配</b>しよう。"

"Try to <b>avoid</b> unnecessary risks.","不必要なリスクは<b>避け</b>るようにしなさい。"
"He <b>avoided</b> answering the hard question.","彼は難しい質問への回答を<b>避け</b>た。"
"We found a route to <b>avoid</b> traffic.","渋滞を<b>避け</b>る道を見つけた。"
"She couldn't <b>avoid</b> making a mistake.","彼女はミスを<b>避け</b>られなかった。"

"How does this <b>relate</b> to our goal?","これは私たちの目標にどう<b>関係</b>しますか。"
"The two events <b>relate</b> closely.","その2つの出来事は密接に<b>関連</b>している。"
"He <b>related</b> the story to his childhood.","彼はその話を自分の子ども時代と<b>結びつけ</b>た。"
"The article <b>relates</b> to climate change.","その記事は気候変動に<b>関連</b>している。"

"I finally <b>realized</b> my mistake.","私はようやく自分の間違いに<b>気づい</b>た。"
"She <b>realized</b> her dream of studying abroad.","彼女は留学の夢を<b>実現</b>した。"
"Do you <b>realize</b> how serious it is?","それがどれほど深刻か<b>理解</b>していますか。"
"Profits were <b>realized</b> in the third quarter.","利益は第3四半期に<b>実現</b>した。"

"Teachers <b>encourage</b> students to ask questions.","教師は生徒に質問するよう<b>励ま</b>す。"
"Her success <b>encouraged</b> others to try.","彼女の成功は他の人にも挑戦する気持ちを<b>与え</b>た。"
"We <b>encourage</b> recycling at home.","家庭でのリサイクルを<b>奨励</b>している。"
"The data <b>encourages</b> a positive outlook.","そのデータは前向きな見方を<b>後押し</b>する。"

"Let's <b>compare</b> the two proposals.","2つの提案を<b>比較</b>しよう。"
"She <b>compared</b> him to a famous artist.","彼女は彼を有名な芸術家に<b>たとえ</b>た。"
"Prices <b>compare</b> well with last year.","価格は昨年と<b>比較して</b>遜色ない。"
"He <b>compared</b> results across regions.","彼は地域間で結果を<b>比較</b>した。"

"We need to <b>measure</b> the room precisely.","部屋を正確に<b>測定</b>する必要がある。"
"The device <b>measures</b> temperature and humidity.","その装置は温度と湿度を<b>測る</b>。"
"They <b>measured</b> success by customer satisfaction.","彼らは成功を顧客満足で<b>評価</b>した。"
"Her performance <b>measures</b> up to our standards.","彼女の成績は基準に<b>見合っ</b>ている。"

"Do unicorns <b>exist</b>?","ユニコーンは<b>存在</b>しますか。"
"Opportunities <b>exist</b> even in hard times.","厳しい時期でも機会は<b>存在</b>する。"
"Some species barely <b>exist</b> in the wild.","野生ではほとんど<b>生存</b>していない種もある。"
"The problem <b>exists</b> only under pressure.","問題は圧力下でのみ<b>生じ</b>る。"

"Please <b>mark</b> the correct answer.","正しい答えに<b>印</b>をつけてください。"
"Graffiti <b>marked</b> the old walls.","古い壁には落書きの<b>跡</b>がついていた。"
"The event <b>marked</b> a turning point.","その出来事は転機を<b>示し</b>た。"
"The sign <b>marks</b> the boundary of the park.","その標識は公園の境界を<b>示し</b>ている。"

"I <b>challenge</b> the assumption behind this claim.","私はこの主張の前提に<b>異議を唱え</b>る。"
"She <b>challenged</b> him to a chess match.","彼女は彼にチェスの対戦を<b>挑ん</b>だ。"
"The task really <b>challenged</b> our team.","その課題は私たちのチームを本当に<b>試し</b>た。"
"New evidence <b>challenges</b> the old theory.","新たな証拠は古い理論に<b>異議</b>を投げかける。"

"We <b>depend</b> on data to make decisions.","意思決定にはデータに<b>頼っ</b>ている。"
"It <b>depends</b> on the weather today.","今日は天気<b>次第</b>だ。"
"You can <b>depend</b> on her to deliver.","彼女がやり遂げることは<b>当てに</b>できる。"
"Plants <b>depend</b> on sunlight to grow.","植物は成長に太陽光に<b>依存</b>する。"

"I <b>object</b> to raising fees without notice.","予告なしの値上げに<b>反対</b>します。"
"Several members <b>objected</b> that the rule was unfair.","数名のメンバーはその規則が不公平だと<b>反対</b>した。"
"He <b>objected</b> to the proposal strongly.","彼はその提案に強く<b>反対</b>した。"
"Neighbors <b>object</b> when noise is constant.","騒音が続くと近隣住民は<b>反対</b>する。"

"Workers <b>demand</b> fair wages.","労働者は公正な賃金を<b>要求</b>する。"
"The client <b>demanded</b> a detailed report.","顧客は詳細な報告書を<b>要求</b>した。"
"High-quality parts are in great <b>demand</b>.","高品質の部品には大きな<b>需要</b>がある。"
"He <b>demanded</b> that we start over.","彼は最初からやり直すよう<b>要求</b>した。"

"They <b>founded</b> a non-profit to help kids.","彼らは子どもを支援する非営利団体を<b>設立</b>した。"
"The city was <b>founded</b> in the 18th century.","その都市は18世紀に<b>建て</b>られた。"
"Her theory is <b>founded</b> on solid evidence.","彼女の理論は確かな証拠に<b>基づい</b>ている。"
"They <b>found</b> the institute on mutual trust.","彼らは相互の信頼に研究所を<b>築い</b>た。"

"We <b>completed</b> the report ahead of time.","私たちは予定より早く報告書を<b>完成</b>させた。"
"She <b>completed</b> the marathon despite the heat.","彼女は暑さにもかかわらずマラソンを<b>完走</b>した。"
"Please <b>complete</b> the online form.","オンラインのフォームを<b>記入</b>してください。"
"The puzzle was finally <b>completed</b>.","そのパズルはついに<b>完成</b>した。"

"That was a brilliant <b>idea</b>.","それは素晴らしい<b>考え</b>だった。"
"I have no <b>idea</b> what he means.","彼の言いたいことが全く<b>わから</b>ない。"
"Her <b>idea</b> of fun is hiking.","彼女の<b>楽しみの考え</b>はハイキングだ。"
"We exchanged <b>ideas</b> during the workshop.","ワークショップで<b>意見</b>を交換した。"

"Both sides reached an <b>accord</b> last night.","昨夜両者は<b>合意</b>に達した。"
"His views are in <b>accord</b> with the data.","彼の見解はデータと<b>一致</b>している。"
"They signed an <b>accord</b> to reduce emissions.","彼らは排出削減の<b>協定</b>に署名した。"
"The two reports are not in <b>accord</b>.","その2つの報告は<b>一致</b>していない。"

"She works for a big <b>company</b> in Tokyo.","彼女は東京の大<b>会社</b>で働いている。"
"A <b>company</b> of friends gathered for dinner.","友人<b>仲間</b>が夕食のために集まった。"
"I enjoy your <b>company</b> on long trips.","長旅ではあなたと<b>一緒にいること</b>が楽しい。"
"A theater <b>company</b> will perform next week.","劇<b>一座</b>が来週公演する。"

"This book sparked my <b>interest</b> in history.","この本で歴史への<b>興味</b>がわいた。"
"The bank pays <b>interest</b> on savings.","その銀行は預金に<b>利子</b>を払う。"
"Our <b>interests</b> align on this project.","このプロジェクトでは私たちの<b>利害</b>は一致している。"
"He lost <b>interest</b> after a few weeks.","彼は数週間で<b>興味</b>を失った。"

"Her <b>research</b> into AI won an award.","彼女のAIに関する<b>研究</b>は賞を受けた。"
"We did market <b>research</b> before launching.","発売前に市場<b>調査</b>を行った。"
"He is conducting <b>research</b> on cancer.","彼はがんに関する<b>研究</b>を行っている。"
"Funding supports <b>research</b> in biology.","資金は生物学の<b>研究</b>を支援する。"

"Lack of sleep can <b>cause</b> headaches.","睡眠不足は頭痛の<b>原因</b>になり得る。"
"What is the <b>cause</b> of the delay?","遅れの<b>原因</b>は何ですか。"
"He fights for the <b>cause</b> of justice.","彼は正義という<b>大義</b>のために戦っている。"
"Small errors <b>cause</b> big problems sometimes.","小さな誤りが大きな問題を<b>引き起こ</b>すことがある。"

"There is no <b>reason</b> to panic.","慌てる<b>理由</b>はない。"
"She gave me a good <b>reason</b> to stay.","彼女は私に残るべき良い<b>理由</b>を示した。"
"Use your <b>reason</b> when making choices.","選択するときは<b>理性</b>を使いなさい。"
"I have <b>reason</b> to believe he's honest.","彼が正直だと<b>根拠</b>がある。"

"Exercise has a positive <b>effect</b> on mood.","運動は気分に良い<b>影響</b>を与える。"
"The law took <b>effect</b> last month.","その法律は先月<b>施行</b>された。"
"We measured the <b>effect</b> of the new drug.","新薬の<b>効果</b>を測定した。"
"Her speech had a lasting <b>effect</b> on us.","彼女のスピーチは私たちに持続する<b>影響</b>を与えた。"

"Parents greatly <b>influence</b> their children.","親は子どもに大きな<b>影響</b>を与える。"
"Social media <b>influences</b> buying behavior.","SNSは購買行動に<b>影響</b>する。"
"He has <b>influence</b> in the local community.","彼は地域社会で<b>影響力</b>がある。"
"Her mentor <b>influenced</b> her career choice.","彼女の師は彼女の進路選択に<b>影響</b>を与えた。"

"The <b>situation</b> is under control now.","今は<b>状況</b>は管理下にある。"
"In this <b>situation</b>, stay calm.","この<b>状況</b>では落ち着いて。"
"He is in a difficult <b>situation</b> at work.","彼は仕事で難しい<b>立場</b>にいる。"
"We assessed the <b>situation</b> before acting.","行動する前に<b>状況</b>を評価した。"

"Protect the <b>environment</b> for future generations.","将来の世代のため<b>環境</b>を守ろう。"
"The lab studies marine <b>environment</b>.","その研究室は海洋<b>環境</b>を研究している。"
"A supportive <b>environment</b> helps learning.","支援的な<b>環境</b>は学習を助ける。"
"We must adapt to a changing <b>environment</b>.","変化する<b>環境</b>に適応しなければならない。"

"Practice daily to build your <b>skill</b>.","毎日練習して<b>技能</b>を身につけよう。"
"Her writing <b>skills</b> are impressive.","彼女の文章<b>技能</b>は印象的だ。"
"He showed <b>skill</b> in negotiating.","彼は交渉で<b>熟練</b>を示した。"
"This job requires coding <b>skills</b>.","この仕事はコーディング<b>技能</b>が必要だ。"

"It's a serious <b>matter</b> to discuss.","それは話し合うべき重大な<b>事柄</b>だ。"
"Money doesn't <b>matter</b> to me.","お金は私には<b>問題</b>ではない。"
"What <b>matters</b> is honesty.","<b>重要</b>なのは正直さだ。"
"The <b>matter</b> settled after a week.","その<b>問題</b>は1週間後に収まった。"

"What's your <b>view</b> on remote work?","リモートワークについての<b>見解</b>は？"
"We enjoyed a beautiful <b>view</b> of the mountains.","山の美しい<b>眺め</b>を楽しんだ。"
"She has a narrow <b>view</b> of the issue.","彼女はその問題に対して偏った<b>見方</b>だ。"
"From this point you can <b>view</b> the city.","ここから街を<b>見渡</b>せる。"

"We admire the <b>value</b> of hard work.","私たちは努力の<b>価値</b>を尊ぶ。"
"The <b>value</b> of the house has risen.","その家の<b>価格</b>は上がった。"
"He <b>values</b> honest feedback.","彼は率直な意見を<b>評価</b>する。"
"Please enter the numeric <b>value</b>.","数値<b>値</b>を入力してください。"

"This <b>species</b> lives only on the island.","この<b>種</b>は島にしか生息しない。"
"Several <b>species</b> are endangered.","いくつかの<b>種</b>が絶滅の危機にある。"
"We discovered a new <b>species</b> of insect.","新しい昆虫の<b>種</b>を発見した。"
"The <b>species</b> varies in color.","その<b>種</b>は色が異なる。"

"His <b>thought</b> changed after the meeting.","会議の後で彼の<b>考え</b>は変わった。"
"Deep <b>thought</b> is needed to solve this.","これを解くには深い<b>思考</b>が必要だ。"
"A kind <b>thought</b> crossed my mind.","親切な<b>考え</b>がふと頭をよぎった。"
"She put her <b>thoughts</b> into words.","彼女は自分の<b>考え</b>を言葉にした。"

"He has broad <b>knowledge</b> of economics.","彼は経済学の幅広い<b>知識</b>がある。"
"To our <b>knowledge</b>, the data is correct.","私たちの<b>知る限り</b>そのデータは正しい。"
"She gained <b>knowledge</b> through experience.","彼女は経験によって<b>知識</b>を得た。"
"Basic <b>knowledge</b> is required for the course.","その講座には基礎<b>知識</b>が必要だ。"

"My <b>memory</b> of that day is vivid.","その日の<b>記憶</b>は鮮明だ。"
"She has a good <b>memory</b> for names.","彼女は名前の<b>記憶力</b>が良い。"
"This song brings back old <b>memories</b>.","この歌は昔の<b>思い出</b>をよみがえらせる。"
"I can't <b>remember</b> where I put the keys.","鍵をどこに置いたか<b>思い出</b>せない。"

"Daily <b>practice</b> improves your skills.","毎日の<b>練習</b>が技能を伸ばす。"
"He <b>practices</b> the piano every evening.","彼は毎晩ピアノを<b>練習</b>する。"
"This is common <b>practice</b> in the industry.","これは業界の一般的な<b>慣習</b>だ。"
"You need more <b>practice</b> to master it.","習得にはもっと<b>練習</b>が必要だ。"

"What are the <b>benefits</b> of exercise?","運動の<b>恩恵</b>は何ですか。"
"This plan will <b>benefit</b> local communities.","この計画は地域社会に<b>利益</b>をもたらす。"
"We apply for <b>benefits</b> after employment.","雇用後に<b>給付金</b>を申請する。"
"She <b>benefited</b> from the scholarship.","彼女は奨学金の<b>恩恵</b>を受けた。"

"The <b>theory</b> explains the results.","その<b>学説</b>は結果を説明する。"
"He proposed a new <b>theory</b> of memory.","彼は<b>理論</b>記憶の新説を提案した。"
"In <b>theory</b>, it should work.","<b>理論上</b>はうまくいくはずだ。"
"We tested the <b>theory</b> with an experiment.","その<b>理論</b>を実験で検証した。"

"The main <b>issue</b> is cost.","主な<b>問題</b>は費用だ。"
"This week's <b>issue</b> includes a special feature.","今週の<b>号</b>には特集が含まれる。"
"They <b>issued</b> a statement to the press.","彼らは報道向けに声明を<b>発表</b>した。"
"Housing is a key <b>issue</b> in the city.","住宅は都市の重要な<b>問題</b>だ。"

"We designed an <b>experiment</b> to test memory.","記憶を検証する<b>実験</b>を設計した。"
"The drug worked well in animal <b>experiments</b>.","その薬は動物<b>実験</b>でうまく働いた。"
"They <b>experimented</b> with a new method.","彼らは新しい方法を<b>試験</b>した。"
"Ethics are vital in human <b>experiments</b>.","人間<b>実験</b>では倫理が極めて重要だ。"

"I read an <b>article</b> about sleep research.","睡眠研究に関する<b>記事</b>を読んだ。"
"The contract has strict <b>articles</b>.","その契約には厳しい<b>条項</b>がある。"
"This <b>article</b> was published yesterday.","この<b>記事</b>は昨日掲載された。"
"She writes <b>articles</b> for science magazines.","彼女は科学雑誌に<b>記事</b>を書く。"

"Let's keep our <b>focus</b> on the goal.","目標に<b>焦点</b>を当て続けよう。"
"The camera <b>focused</b> on her face.","カメラは彼女の顔に<b>焦点</b>を合わせた。"
"He <b>focused</b> his efforts on math.","彼は努力を数学に<b>集中</b>させた。"
"The <b>focus</b> of this talk is AI ethics.","この講演の<b>焦点</b>はAI倫理だ。"

"The <b>subject</b> today is climate policy.","今日の<b>話題</b>は気候政策だ。"
"Physics was my favorite <b>subject</b> at school.","学校では物理が好きな<b>科目</b>だった。"
"The city is <b>subject</b> to heavy rain.","その都市は大雨の<b>影響を受けやすい</b>。"
"We need <b>subjects</b> for the study.","研究の<b>被験者</b>が必要だ。"

"Our <b>project</b> will launch in January.","私たちの<b>計画</b>は1月に開始する。"
"She joined a research <b>project</b>.","彼女は研究<b>計画</b>に参加した。"
"We <b>project</b> demand for the next year.","来年の需要を<b>予測</b>する。"
"The device <b>projects</b> images on the wall.","その装置は壁に画像を<b>投影</b>する。"

"We care about the <b>quality</b> of service.","サービスの<b>質</b>を重視している。"
"The <b>quality</b> of air has improved.","空気の<b>質</b>が改善した。"
"This product is <b>quality</b> tested.","この製品は<b>品質</b>テスト済みだ。"
"The photo lacks <b>quality</b> details.","その写真は<b>質</b>の細部が不足している。"

"Parents play a vital <b>role</b> in education.","親は教育で重要な<b>役割</b>を果たす。"
"She got her first acting <b>role</b>.","彼女は初めての<b>役</b>を得た。"
"Trust <b>roles</b> are defined clearly.","信頼に関する<b>役割</b>は明確に定義されている。"
"Each member has a specific <b>role</b>.","各メンバーには特定の<b>役割</b>がある。"

"The medical <b>term</b> is unfamiliar to me.","その医学<b>用語</b>は私には馴染みがない。"
"We agreed on the payment <b>terms</b>.","支払いの<b>条件</b>に合意した。"
"She finished the course this <b>term</b>.","彼女は今学<b>期</b>にその講座を終えた。"
"We are on good <b>terms</b> with our neighbors.","近所の人たちと<b>間柄</b>が良好だ。"

"The official <b>statement</b> is clear.","公式<b>声明</b>は明確だ。"
"He made a bold <b>statement</b>.","彼は大胆な<b>主張</b>をした。"
"Please check the bank <b>statement</b>.","銀行<b>明細書</b>を確認してください。"
"Her <b>statement</b> surprised everyone.","彼女の<b>発言</b>は皆を驚かせた。"

"We ordered raw <b>material</b> for the product.","製品の原<b>材料</b>を注文した。"
"The report includes useful <b>materials</b>.","報告書には有用な<b>資料</b>が含まれる。"
"This <b>material</b> is soft and warm.","この<b>生地</b>は柔らかくて暖かい。"
"The course provides study <b>materials</b>.","その講座は学習<b>資料</b>を提供する。"

"We found clear <b>evidence</b> of fraud.","不正の明確な<b>証拠</b>を見つけた。"
"Please submit all <b>evidence</b> to the court.","すべての<b>証拠</b>を裁判所に提出してください。"
"There is no <b>evidence</b> against him.","彼に不利な<b>証拠</b>はない。"
"DNA <b>evidence</b> proved the case.","DNA<b>証拠</b>が事件を立証した。"

"Trust the original <b>source</b> of the data.","データの元<b>情報源</b>を信頼しよう。"
"We traced the <b>source</b> of the noise.","騒音の<b>原因</b>を追跡した。"
"The river is the <b>source</b> of water here.","この地域ではその川が<b>源</b>だ。"
"Please cite your <b>sources</b>.","<b>出所</b>を明記してください。"

"The local <b>community</b> organized the event.","地域<b>社会</b>がそのイベントを企画した。"
"She supports the art <b>community</b>.","彼女は芸術<b>界</b>を支援している。"
"We need input from the <b>community</b>.","地域<b>住民</b>からの意見が必要だ。"
"He is respected in the research <b>community</b>.","彼は研究<b>界</b>で尊敬されている。"

"Modern <b>technology</b> changes our lives.","現代の<b>科学技術</b>は生活を変える。"
"We use advanced <b>technology</b> in the lab.","研究室では高度な<b>応用技術</b>を使う。"
"Digital <b>technology</b> enables remote work.","デジタル<b>技術</b>がリモートワークを可能にする。"
"This <b>technology</b> is widely available.","この<b>技術</b>は広く利用可能だ。"

"Japanese <b>culture</b> values harmony.","日本の<b>文化</b>は調和を重んじる。"
"He has high <b>culture</b>.","彼は高い<b>教養</b>がある。"
"We study cell <b>culture</b> in biology.","生物学では細胞<b>培養</b>を研究する。"
"Pearl <b>culture</b> is common in this area.","この地域では真珠の<b>養殖</b>が一般的だ。"

"This is an <b>appropriate</b> response.","これは<b>適切</b>な対応だ。"
"Choose an <b>appropriate</b> tool for the job.","仕事に<b>適切</b>な道具を選ぼう。"
"It wasn't <b>appropriate</b> to joke then.","その時に冗談は<b>適切</b>ではなかった。"
"Is this dress <b>appropriate</b> for the event?","そのイベントにこのドレスは<b>適切</b>ですか。"

"Rain is <b>likely</b> this evening.","今晩は雨の<b>可能性</b>が高い。"
"She is <b>likely</b> to win the prize.","彼女は賞を取る<b>可能性</b>が高い。"
"A <b>likely</b> explanation is human error.","<b>ありそうな</b>説明は人為的ミスだ。"
"It seems <b>likely</b> that they forgot.","彼らが忘れた<b>可能性</b>が高そうだ。"

"Is it <b>possible</b> to finish today?","今日終えることは<b>可能</b>ですか。"
"A <b>possible</b> cause is network failure.","<b>可能性のある</b>原因はネットワーク障害だ。"
"When <b>possible</b>, avoid late-night work.","<b>可能</b>なら深夜労働は避けよう。"
"Anything is <b>possible</b> with effort.","努力次第で何でも<b>可能</b>だ。"

"Each <b>individual</b> learns differently.","各<b>個人</b>は違う学び方をする。"
"We respect <b>individual</b> rights.","私たちは<b>個人</b>の権利を尊重する。"
"This is an <b>individual</b> decision.","これは<b>個別</b>の判断だ。"
"The <b>individual</b> parts were inspected.","<b>個々の</b>部品が検査された。"

"It's a <b>public</b> library.","そこは<b>公</b>立図書館だ。"
"She spoke at a <b>public</b> meeting.","彼女は<b>公開</b>の会合で話した。"
"We need <b>public</b> support.","<b>公衆</b>の支持が必要だ。"
"The <b>public</b> was informed of the plan.","<b>公衆</b>に計画が知らされた。"

"This is a <b>common</b> mistake.","これは<b>よくある</b>間違いだ。"
"We share <b>common</b> goals.","私たちは<b>共通</b>の目標を共有している。"
"He is a <b>common</b> man.","彼は<b>普通</b>の人だ。"
"These plants are <b>common</b> in forests.","これらの植物は森では<b>一般</b>的だ。"

"I'm <b>certain</b> this is correct.","これが正しいと<b>確信</b>している。"
"A <b>certain</b> number of people left.","<b>ある</b>人数が帰った。"
"She has a <b>certain</b> charm.","彼女には<b>ある</b>特別な魅力がある。"
"Within a <b>certain</b> range, it works.","<b>一定</b>の範囲内でそれは機能する。"

"The two are <b>similar</b> but not the same.","その2つは<b>似て</b>いるが同じではない。"
"We found <b>similar</b> results across studies.","研究間で<b>類似</b>の結果が見つかった。"
"They live in <b>similar</b> conditions.","彼らは<b>同様</b>の環境に住んでいる。"
"This shape is <b>similar</b> to a circle.","この形は円に<b>似て</b>いる。"

"The <b>recent</b> report shows progress.","<b>最近</b>の報告は進展を示している。"
"I've been busy <b>recently</b>.","<b>最近</b>忙しい。"
"This is a <b>recent</b> trend.","これは<b>最近</b>の傾向だ。"
"She moved here <b>recently</b>.","彼女は<b>最近</b>ここに引っ越した。"

"He is a <b>major</b> figure in science.","彼は科学界の<b>主要</b>人物だ。"
"The <b>major</b> issue is timing.","<b>主要</b>な問題はタイミングだ。"
"My <b>major</b> was economics.","私の<b>専攻</b>は経済学だった。"
"They played in C <b>major</b>.","彼らはC<b>長調</b>で演奏した。"

"She is a very <b>patient</b> teacher.","彼女はとても<b>忍耐強い</b>教師だ。"
"Please be <b>patient</b> and wait.","<b>辛抱強く</b>待ってください。"
"The doctor examined the <b>patient</b>.","医者は<b>患者</b>を診察した。"
"A <b>patient</b> approach works better.","<b>忍耐強い</b>やり方の方がうまくいく。"

"We need a <b>particular</b> tool.","<b>特定</b>の道具が必要だ。"
"She is very <b>particular</b> about details.","彼女は細部にとても<b>やかましい</b>。"
"A <b>particular</b> case was discussed.","<b>特別</b>な事例が議論された。"
"The <b>particular</b> risks are listed.","<b>特定</b>のリスクが列挙されている。"

"<b>Physical</b> exercise keeps you healthy.","<b>身体</b>の運動は健康を保つ。"
"This is a <b>physical</b> object.","これは<b>物質的</b>な対象だ。"
"We studied <b>physical</b> laws.","<b>物理学</b>の法則を学んだ。"
"He passed the <b>physical</b> exam.","彼は<b>身体</b>検査に合格した。"

"We tried <b>various</b> methods.","<b>さまざまな</b>方法を試した。"
"They offered <b>various</b> options.","彼らは<b>いくつかの</b>選択肢を提示した。"
"The box contains <b>various</b> tools.","その箱には<b>さまざまな</b>道具が入っている。"
"She has <b>various</b> interests.","彼女は<b>さまざまな</b>関心を持っている。"

"Is this seat <b>available</b>?","この席は<b>空いて</b>いますか。"
"The product is now <b>available</b> online.","その製品は今はオンラインで<b>利用</b>できる。"
"We will be <b>available</b> after 3 p.m.","午後3時以降に<b>手が空い</b>ている。"
"No <b>available</b> data was found.","<b>利用</b>できるデータは見つからなかった。"

"He is a <b>native</b> speaker of Spanish.","彼はスペイン語の<b>母語</b>話者だ。"
"This plant is <b>native</b> to Japan.","この植物は日本が<b>原産</b>だ。"
"She has <b>native</b> talent.","彼女は<b>生得</b>の才能がある。"
"We met the <b>native</b> people of the island.","島の<b>先住</b>民に会った。"

"He studies <b>political</b> science.","彼は<b>政治</b>学を研究している。"
"They discussed <b>political</b> reforms.","彼らは<b>政治</b>改革を議論した。"
"She avoids <b>political</b> topics.","彼女は<b>政治</b>的な話題を避ける。"
"This is a <b>political</b> decision.","これは<b>政治</b>的な決定だ。"

"The payment is <b>due</b> tomorrow.","支払いは明日が<b>期日</b>だ。"
"He arrived <b>due</b> at noon.","彼は正午に<b>予定</b>通り到着した。"
"She took a <b>due</b> rest.","彼女は<b>しかるべき</b>休息を取った。"
"The train is <b>due</b> in ten minutes.","列車は<b>到着予定</b>が10分後だ。"

"Please fill in the <b>blank</b>.","<b>空白</b>を埋めてください。"
"His face looked <b>blank</b>.","彼の顔は<b>無表情</b>だった。"
"The hall was <b>blank</b> and quiet.","そのホールは<b>がらん</b>として静かだった。"
"Leave a <b>blank</b> between paragraphs.","段落の間に<b>空白</b>を入れなさい。"

"We saw <b>ancient</b> ruins.","<b>古代</b>の遺跡を見た。"
"This tradition is <b>ancient</b>.","この伝統は<b>昔から</b>ある。"
"An <b>ancient</b> map was found.","<b>古代</b>の地図が見つかった。"
"He studies <b>ancient</b> history.","彼は<b>古代</b>史を研究している。"

"This answer is <b>correct</b>.","この答えは<b>正しい</b>。"
"Use the <b>correct</b> method.","<b>適切</b>な方法を使いなさい。"
"Please <b>correct</b> the errors.","誤りを<b>訂正</b>してください。"
"Her posture is <b>correct</b>.","彼女の姿勢は<b>適切</b>だ。"

"<b>Despite</b> the rain, we continued.","雨にも<b>かかわらず</b>続けた。"
"<b>Despite</b> his efforts, he failed.","彼の努力にも<b>かかわらず</b>失敗した。"
"We went out <b>despite</b> warnings.","警告にも<b>かかわらず</b>外出した。"
"<b>Despite</b> the noise, she slept well.","騒音にも<b>かかわらず</b>彼女はよく眠った。"

"I <b>noticed</b> a small error.","小さな誤りに<b>気づい</b>た。"
"Nobody <b>noticed</b> the change.","誰もその変化に<b>気づか</b>なかった。"
"Please <b>notice</b> the difference.","違いに<b>気づい</b>てください。"
"We posted a <b>notice</b> on the wall.","壁に<b>掲示</b>を貼った。"

"Please <b>refer</b> to page 10.","10ページを<b>参照</b>してください。"
"He <b>referred</b> to earlier studies.","彼は先行研究に<b>言及</b>した。"
"The code <b>refers</b> to this module.","そのコードはこのモジュールに<b>関連</b>する。"
"I was <b>referred</b> to a specialist.","私は専門医に<b>紹介</b>された。"

"We will <b>approach</b> the problem step by step.","問題に段階的に<b>取り組</b>む。"
"The train <b>approached</b> the station slowly.","列車はゆっくり駅に<b>近づい</b>た。"
"She took a new <b>approach</b> to teaching.","彼女は教育に新しい<b>取り組み</b>をとった。"
"I <b>approached</b> him for advice.","助言を求めて彼に<b>近づい</b>た。"

"I <b>wonder</b> if this will work.","これがうまくいくのか<b>かな</b>と思う。"
"Tourists <b>wonder</b> at the view.","観光客はその景色に<b>驚い</b>た。"
"No <b>wonder</b> he is tired.","彼が疲れているのも<b>不思議ではない</b>。"
"She <b>wondered</b> about the result.","彼女は結果について<b>不思議に思っ</b>た。"

"Can you <b>imagine</b> living on Mars?","火星で暮らすことを<b>想像</b>できますか。"
"I can't <b>imagine</b> that happening.","それが起こるとは<b>想像</b>できない。"
"She <b>imagined</b> a better future.","彼女はより良い未来を<b>想像</b>した。"
"He has a vivid <b>imagination</b>.","彼には鮮やかな<b>想像力</b>がある。"

"I <b>recognize</b> that face.","その顔を<b>識別</b>できる。"
"We must <b>recognize</b> his efforts.","彼の努力を<b>認め</b>なければならない。"
"She barely <b>recognized</b> me.","彼女はかろうじて私を<b>見分け</b>た。"
"He received official <b>recognition</b>.","彼は正式な<b>承認</b>を受けた。"

"Let's <b>solve</b> the puzzle together.","一緒にその<b>パズルを解</b>こう。"
"We <b>solved</b> the traffic problem.","交通の問題を<b>解決</b>した。"
"This equation is hard to <b>solve</b>.","この方程式は<b>解</b>くのが難しい。"
"She <b>solved</b> the mystery at last.","彼女はついにその謎を<b>解明</b>した。"
"Strange events <b>occur</b> during the festival.","祭りの間に奇妙な出来事が<b>起こ</b>る。"
"If any issue <b>occurs</b>, call support immediately.","問題が<b>発生</b>したらすぐにサポートへ連絡してください。"
"An idea suddenly <b>occurred</b> to me.","ふと考えが<b>心に浮か</b>んだ。"
"New species <b>occur</b> in this region.","新種がこの地域で<b>現れ</b>る。"

"They <b>argue</b> about budget every month.","彼らは毎月予算について<b>議論</b>する。"
"Scientists <b>argue</b> that the data is reliable.","科学者はそのデータが信頼できると<b>主張</b>する。"
"Stop <b>arguing</b> and find a solution.","<b>言い争い</b>をやめて解決策を見つけよう。"
"We can <b>argue</b> both sides fairly.","両方の立場を公平に<b>論じ</b>ることができる。"

"He <b>claims</b> to have seen a UFO.","彼はUFOを見たと<b>主張</b>している。"
"The company <b>claimed</b> damages.","その会社は損害賠償を<b>要求</b>した。"
"As he <b>claimed</b>, the results were accurate.","彼が<b>主張</b>した通り、結果は正確だった。"
"Please file a <b>claim</b> within 30 days.","30日以内に<b>請求</b>を提出してください。"

"She <b>expressed</b> her gratitude clearly.","彼女は感謝の気持ちをはっきり<b>表し</b>た。"
"How do you <b>express</b> this in English?","これを英語でどう<b>表現</b>しますか。"
"His face <b>expressed</b> disappointment.","彼の顔は失望を<b>表し</b>ていた。"
"Freedom of <b>expression</b> matters.","<b>表現</b>の自由は重要だ。"

"Please <b>draw</b> a simple chart.","簡単な図を<b>描いて</b>ください。"
"The program <b>drew</b> data from the database.","そのプログラムはデータベースからデータを<b>引き出</b>した。"
"We <b>drew</b> the curtain to block light.","明かりを遮るためカーテンを<b>引い</b>た。"
"As the deadline <b>drew</b> near, we worked fast.","締め切りが<b>近づ</b>くにつれて、私たちは急いで作業した。"

"Don't <b>waste</b> time on rumors.","うわさに時間を<b>無駄にし</b>ないで。"
"We <b>wasted</b> paper by printing twice.","二度印刷して用紙を<b>浪費</b>した。"
"The old factory sits on <b>waste</b> land.","古い工場は<b>荒れ地</b>に建っている。"
"He hates <b>wasting</b> energy.","彼はエネルギーを<b>無駄にする</b>のが嫌いだ。"

"We must <b>advance</b> the schedule by a week.","予定を1週間<b>前倒し</b>にしなければならない。"
"Human rights have <b>advanced</b> over decades.","人権は数十年で<b>進歩</b>してきた。"
"She made an <b>advance</b> payment.","彼女は<b>前払い</b>をした。"
"The army <b>advanced</b> toward the border.","軍は国境へ<b>進軍</b>した。"

"The news <b>spread</b> quickly online.","そのニュースはネットで素早く<b>広がっ</b>た。"
"Don't <b>spread</b> false information.","誤った情報を<b>広め</b>ないで。"
"We <b>spread</b> butter on the toast.","トーストにバターを<b>塗っ</b>た。"
"The fire <b>spread</b> to nearby houses.","火事は近くの家に<b>延焼</b>した。"

"We need to <b>prepare</b> for the audit.","監査に<b>備え</b>る必要がある。"
"She <b>prepared</b> dinner for her family.","彼女は家族のため夕食を<b>用意</b>した。"
"I will <b>prepare</b> the slides.","スライドを<b>準備</b>します。"
"They <b>prepared</b> for the exam for weeks.","彼らは数週間試験に<b>準備</b>した。"

"We <b>gained</b> new clients this quarter.","今期新しい顧客を<b>獲得</b>した。"
"She <b>gained</b> confidence through practice.","彼女は練習で自信を<b>得</b>た。"
"The stock has <b>gained</b> 10% this month.","その株は今月10％<b>上昇</b>した。"
"He <b>gained</b> weight after the holiday.","休暇後に体重が<b>増え</b>た。"

"We aim to <b>achieve</b> the target by June.","6月までに目標を<b>達成</b>することを目指す。"
"She finally <b>achieved</b> her dream.","彼女はついに夢を<b>成し遂げ</b>た。"
"High sales were <b>achieved</b> last year.","昨年は高い売上が<b>達成</b>された。"
"Teamwork helps us <b>achieve</b> more.","チームワークはより多くを<b>達成</b>する助けになる。"

"We will <b>establish</b> a new branch.","新しい支店を<b>設立</b>する。"
"The study <b>established</b> a clear link.","その研究は明確な関連を<b>確立</b>した。"
"He <b>established</b> trust with the client.","彼は顧客との信頼を<b>築い</b>た。"
"British rule was <b>established</b> in 1800.","英国の支配が1800年に<b>確立</b>された。"

"We <b>supply</b> parts to local factories.","私たちは地元工場に部品を<b>供給</b>する。"
"Emergency food was <b>supplied</b> to victims.","被災者に非常食が<b>配給</b>された。"
"The river <b>supplies</b> water to farms.","その川は農場に水を<b>供給</b>する。"
"Please check the <b>supply</b> list.","<b>供給</b>品目のリストを確認してください。"

"I <b>suppose</b> he is busy today.","今日は彼は忙しいと<b>思い</b>ます。"
"Let's <b>suppose</b> we had more time.","もっと時間があると<b>仮定</b>しましょう。"
"You are not <b>supposed</b> to park here.","ここに駐車してはいけないと<b>され</b>ている。"
"I <b>suppose</b> that's acceptable.","それで構わないと<b>思い</b>ます。"

"The group will <b>perform</b> three songs.","そのグループは3曲<b>演奏</b>する。"
"She <b>performed</b> the task perfectly.","彼女はその仕事を完璧に<b>遂行</b>した。"
"The device <b>performed</b> well in tests.","その装置はテストで良く<b>作動</b>した。"
"We <b>perform</b> maintenance monthly.","毎月保守を<b>行</b>う。"

"I <b>prefer</b> coffee to tea.","紅茶よりコーヒーのほうが<b>好み</b>だ。"
"She <b>prefers</b> working from home.","彼女は在宅勤務を<b>好む</b>。"
"Many <b>prefer</b> direct communication.","直接のコミュニケーションを<b>好む</b>人が多い。"
"I would <b>prefer</b> an earlier meeting.","会議はもっと早い時間が<b>良い</b>です。"

"We will <b>determine</b> the cause by testing.","テストで原因を<b>特定</b>する。"
"She <b>determined</b> to try again.","彼女は再挑戦を<b>決意</b>した。"
"The committee <b>determined</b> the rules.","委員会は規則を<b>決定</b>した。"
"We can't <b>determine</b> distance by sight alone.","目視だけでは距離を<b>正確に知</b>れない。"

"Doctors <b>treat</b> patients with care.","医師は患者を丁寧に<b>治療</b>する。"
"Please <b>treat</b> others with respect.","他人を敬意をもって<b>扱っ</b>てください。"
"He <b>treated</b> us to lunch.","彼は私たちに昼食を<b>おごっ</b>てくれた。"
"We <b>treated</b> the wood to prevent rot.","腐敗防止のため木材を<b>処理</b>した。"

"We must <b>prove</b> the hypothesis.","仮説を<b>証明</b>しなければならない。"
"Her innocence was <b>proved</b> in court.","彼女の無罪が法廷で<b>証明</b>された。"
"It <b>proved</b> difficult to reach consensus.","合意に達するのは<b>判明</b>して難しかった。"
"The test <b>proved</b> the machine works.","テストで機械が動くことが<b>証明</b>された。"

"Please <b>apply</b> the cream twice a day.","クリームを1日2回<b>塗っ</b>てください。"
"She <b>applied</b> for the scholarship.","彼女は奨学金に<b>申し込ん</b>だ。"
"We <b>applied</b> the rule to all cases.","その規則を全ての事例に<b>適用</b>した。"
"This skill <b>applies</b> to many jobs.","この技能は多くの仕事に<b>適用</b>できる。"

"He <b>mentioned</b> your name in the meeting.","会議で彼はあなたの名前に<b>言及</b>した。"
"Please don't <b>mention</b> the price yet.","まだ価格に<b>触れ</b>ないでください。"
"As I <b>mentioned</b> earlier, we start at ten.","先ほど<b>述べ</b>たように、開始は10時です。"
"The report <b>mentions</b> several risks.","その報告書は複数のリスクに<b>言及</b>している。"

"We <b>communicate</b> daily by chat.","私たちは毎日チャットで<b>情報交換</b>する。"
"She <b>communicated</b> her needs clearly.","彼女は必要事項を明確に<b>伝え</b>た。"
"The two devices <b>communicate</b> over Wi-Fi.","その2つの装置はWi-Fiで<b>通信</b>する。"
"Please <b>communicate</b> any changes in advance.","変更は事前に<b>伝達</b>してください。"

"This box <b>contains</b> fragile items.","この箱には壊れやすい物が<b>入っ</b>ている。"
"Water <b>contains</b> minerals.","水にはミネラルが<b>含まれ</b>ている。"
"He could not <b>contain</b> his excitement.","彼は興奮を<b>抑え</b>られなかった。"
"The folder <b>contains</b> your documents.","そのフォルダにはあなたの書類が<b>含ま</b>れている。"

"Please <b>contact</b> me by email.","メールで<b>連絡</b>してください。"
"We finally made <b>contact</b> with the team.","ついにチームと<b>接触</b>できた。"
"He <b>contacted</b> customer support.","彼はカスタマーサポートに<b>連絡</b>した。"
"The surfaces <b>contact</b> at two points.","その表面は2点で<b>接触</b>する。"

"We <b>regard</b> safety as our top priority.","安全を最優先と<b>見な</b>す。"
"How do you <b>regard</b> this plan?","この計画をどう<b>評価</b>しますか。"
"He <b>regarded</b> the painting closely.","彼はその絵を注意深く<b>見</b>た。"
"She is held in high <b>regard</b>.","彼女は高く<b>評価</b>されている。"

"We <b>respect</b> different opinions.","異なる意見を<b>尊重</b>する。"
"I <b>respect</b> her as a leader.","彼女をリーダーとして<b>尊敬</b>している。"
"Please <b>respect</b> the rules.","規則を<b>守っ</b>てください。"
"He gained <b>respect</b> through honesty.","彼は誠実さで<b>尊敬</b>を得た。"

"We <b>search</b> the database every morning.","毎朝データベースを<b>検索</b>する。"
"Police <b>searched</b> the house.","警察はその家を<b>捜索</b>した。"
"She <b>searched</b> her bag for keys.","彼女は鍵を探してバッグを<b>探っ</b>た。"
"Let's <b>search</b> for a better method.","もっと良い方法を<b>探</b>そう。"

"We <b>connect</b> sensors to the controller.","センサーをコントローラーに<b>接続</b>する。"
"The story <b>connects</b> to our theme.","その話は私たちのテーマに<b>関連</b>している。"
"Two cities are <b>connected</b> by rail.","2つの都市は鉄道で<b>結ば</b>れている。"
"Her ideas <b>connect</b> across fields.","彼女のアイデアは分野を越えて<b>つながり</b>がある。"

"Sales <b>declined</b> slightly last month.","先月売上がわずかに<b>減少</b>した。"
"He politely <b>declined</b> the invitation.","彼は丁寧に招待を<b>断っ</b>た。"
"The town is <b>declining</b> slowly.","その町はゆっくり<b>衰退</b>している。"
"We must <b>decline</b> the offer this time.","今回は申し出を<b>辞退</b>しなければならない。"

"Good habits <b>prevent</b> accidents.","良い習慣は事故を<b>防</b>ぐ。"
"The fence <b>prevents</b> animals from entering.","そのフェンスは動物が入るのを<b>防ぐ</b>。"
"We <b>prevented</b> a major failure.","大きな故障を<b>防い</b>だ。"
"Regular backups <b>prevent</b> data loss.","定期的なバックアップはデータ損失を<b>防ぐ</b>。"

"Many people <b>suffer</b> from allergies.","多くの人がアレルギーに<b>苦しん</b>でいる。"
"He <b>suffered</b> a minor injury.","彼は軽い怪我を<b>負っ</b>た。"
"We <b>suffered</b> delays due to traffic.","交通のため<b>遅延</b>を経験した。"
"She does not need to <b>suffer</b> alone.","彼女は一人で<b>苦しむ</b>必要はない。"

"Only a few <b>survive</b> in harsh winters.","厳しい冬に<b>生き延び</b>るのはわずかだ。"
"He <b>survived</b> the accident.","彼はその事故を<b>生き残っ</b>た。"
"Startups that <b>survive</b> often grow fast.","<b>生き残る</b>スタートアップは急成長することが多い。"
"The species <b>survived</b> for centuries.","その種は何世紀も<b>存続</b>した。"

"They <b>publish</b> findings in top journals.","彼らは成果を一流誌に<b>出版</b>する。"
"The author <b>published</b> her first novel.","その作家は初めての小説を<b>出版</b>した。"
"Results will be <b>published</b> next week.","結果は来週<b>公表</b>される。"
"Please <b>publish</b> the updated schedule.","更新された予定表を<b>公表</b>してください。"

"This is a great <b>opportunity</b> to learn.","これは学ぶ絶好の<b>機会</b>だ。"
"We seized the <b>opportunity</b> to expand.","私たちは拡大の<b>機会</b>をつかんだ。"
"He missed the <b>opportunity</b> to apply.","彼は応募の<b>機会</b>を逃した。"
"The program offers equal <b>opportunities</b>.","そのプログラムは平等な<b>機会</b>を提供する。"

"Finish the <b>task</b> by noon.","正午までに<b>作業</b>を終えなさい。"
"This <b>task</b> requires attention to detail.","この<b>課題</b>は細部への注意が必要だ。"
"We split the <b>tasks</b> among the team.","チームで<b>タスク</b>を分担した。"
"She completed a difficult <b>task</b>.","彼女は難しい<b>仕事</b>をやり遂げた。"

"The <b>industry</b> is growing rapidly.","その<b>産業</b>は急速に成長している。"
"He values <b>industry</b> in his staff.","彼は部下の<b>勤勉</b>を重んじる。"
"The tech <b>industry</b> faces challenges.","技術<b>産業</b>は課題に直面している。"
"Automotive <b>industry</b> jobs are changing.","自動車<b>産業</b>の仕事は変化している。"

"Social media is a new <b>medium</b>.","SNSは新しい<b>媒体</b>だ。"
"We used a glass <b>medium</b> for culture.","培養にガラスの<b>媒体</b>を使った。"
"Art is a powerful <b>medium</b> for change.","芸術は変化のための強力な<b>手段</b>だ。"
"Choose the right <b>medium</b> for your message.","メッセージに適切な<b>媒体</b>を選びなさい。"

"The <b>economy</b> recovered this year.","今年<b>経済</b>が回復した。"
"We must practice <b>economy</b> at home.","家庭で<b>節約</b>を実践しなければならない。"
"A regional <b>economy</b> depends on tourism.","地域<b>経済圏</b>は観光に依存する。"
"The global <b>economy</b> is uncertain.","世界<b>経済</b>は不確実だ。"

"The new <b>policy</b> reduces paperwork.","新しい<b>政策</b>は文書作業を減らす。"
"Company <b>policy</b> forbids sharing passwords.","会社の<b>方針</b>はパスワード共有を禁じている。"
"His <b>policy</b> is to reply within a day.","彼の<b>主義</b>は1日以内に返信することだ。"
"We reviewed the privacy <b>policy</b>.","プライバシー<b>方針</b>を見直した。"

"Please give a clear <b>account</b> of events.","出来事の明確な<b>説明</b>をしてください。"
"Open a savings <b>account</b> online.","オンラインで貯蓄<b>口座</b>を開設しなさい。"
"The <b>account</b> shows a negative balance.","その<b>勘定</b>は残高がマイナスだ。"
"I read his travel <b>account</b>.","彼の旅行<b>記録</b>を読んだ。"

"They work in international <b>trade</b>.","彼らは国際<b>貿易</b>に従事している。"
"Local <b>trade</b> has increased.","地域の<b>商売</b>が増えている。"
"We <b>traded</b> ideas during the meeting.","会議でアイデアを<b>交換</b>した。"
"The firm <b>trades</b> with Asia.","その会社はアジアと<b>取引</b>している。"

"This <b>model</b> explains customer behavior.","この<b>モデル</b>は顧客行動を説明する。"
"She is a fashion <b>model</b>.","彼女はファッション<b>モデル</b>だ。"
"We built a <b>model</b> of the bridge.","橋の<b>模型</b>を作った。"
"Follow this <b>model</b> for success.","成功の<b>型</b>としてこれに従いなさい。"

"Check the final <b>figure</b> carefully.","最終<b>数字</b>を注意深く確認しなさい。"
"A famous <b>figure</b> visited the school.","有名な<b>人物</b>がその学校を訪れた。"
"Study the <b>figure</b> in the report.","報告の<b>図表</b>を確認しなさい。"
"She has a graceful <b>figure</b>.","彼女は優雅な<b>姿</b>をしている。"

"A human <b>cell</b> divides rapidly.","ヒト<b>細胞</b>は急速に分裂する。"
"He was kept in a prison <b>cell</b>.","彼は刑務所の<b>独房</b>に収容された。"
"Replace the battery <b>cell</b>.","バッテリー<b>電池</b>を交換しなさい。"
"Your phone <b>cell</b> signal is weak.","携帯の<b>電波</b>が弱い。"

"Improve your brand <b>image</b>.","ブランド<b>イメージ</b>を改善しなさい。"
"The statue reflects her <b>image</b>.","その像は彼女の<b>像</b>を映す。"
"Send a high-resolution <b>image</b>.","高解像度の<b>画像</b>を送ってください。"
"The scandal hurt his public <b>image</b>.","その不祥事は彼の<b>印象</b>を損なった。"

"He couldn't hide his <b>emotion</b>.","彼は<b>感情</b>を隠せなかった。"
"The movie stirred strong <b>emotions</b>.","その映画は強い<b>感動</b>を呼び起こした。"
"Recognize your <b>emotions</b> to manage stress.","ストレス管理には自分の<b>感情</b>を認識することが役立つ。"
"Fear is a basic <b>emotion</b>.","恐怖は基本的な<b>情動</b>だ。"

"Too much <b>stress</b> affects health.","過度の<b>ストレス</b>は健康に影響する。"
"We measured mechanical <b>stress</b>.","機械的<b>圧力</b>を測定した。"
"Managers often <b>stress</b> teamwork.","管理職はしばしばチームワークを<b>強調</b>する。"
"Reduce <b>stress</b> with exercise.","運動で<b>ストレス</b>を減らしなさい。"

"A <b>decade</b> of effort paid off.","<b>10年間</b>の努力が実を結んだ。"
"The project lasted a <b>decade</b>.","そのプロジェクトは<b>10年間</b>続いた。"
"In the past <b>decade</b>, technology surged.","過去<b>10年間</b>で技術は急成長した。"
"He worked there for a <b>decade</b>.","彼はそこで<b>10年間</b>働いた。"

"Our products cover a wide <b>range</b>.","当社製品は広い<b>範囲</b>を網羅する。"
"The mountain's <b>range</b> is long.","その山の<b>山脈</b>は長い。"
"Set the temperature <b>range</b> carefully.","温度<b>範囲</b>を慎重に設定しなさい。"
"Prices <b>range</b> from $10 to $50.","価格は10ドルから50ドルまで<b>及ぶ</b>。"

"Her <b>character</b> is kind and brave.","彼女の<b>性格</b>は優しくて勇敢だ。"
"The novel's main <b>character</b> is a doctor.","その小説の主人公という<b>登場人物</b>は医者だ。"
"The company has a unique <b>character</b>.","その会社は独特の<b>特質</b>を持つ。"
"Write the Chinese <b>characters</b> neatly.","漢字の<b>文字</b>を丁寧に書きなさい。"

"What's the <b>advantage</b> of this plan?","この計画の<b>利点</b>は何ですか。"
"Our team has an <b>advantage</b>.","私たちのチームは<b>優勢</b>だ。"
"Use this tool to gain a slight <b>advantage</b>.","このツールで少しの<b>有利</b>を得なさい。"
"They took <b>advantage</b> of the gap.","彼らはその隙を<b>利用</b>した。"

"Memorize useful English <b>phrases</b>.","役立つ英語の<b>句</b>を覚えなさい。"
"This <b>phrase</b> sounds polite.","この<b>成句</b>は丁寧に聞こえる。"
"He disliked her choice of <b>phrases</b>.","彼は彼女の<b>言葉遣い</b>が気に入らなかった。"
"Explain the <b>phrase</b> in context.","文脈の中でその<b>表現</b>を説明しなさい。"

"The storm caused serious <b>damage</b>.","その嵐は深刻な<b>損害</b>を引き起こした。"
"The machine has minor <b>damage</b>.","その機械には軽い<b>損傷</b>がある。"
"We paid <b>damages</b> after the trial.","裁判後に<b>損害賠償金</b>を支払った。"
"Don't <b>damage</b> the equipment.","機器を<b>損傷</b>しないで。"

"The policy had a big <b>impact</b>.","その政策は大きな<b>影響</b>を与えた。"
"The car survived the <b>impact</b>.","その車は<b>衝突</b>に耐えた。"
"They felt the <b>impact</b> of the change.","彼らは変化の<b>衝撃</b>を感じた。"
"We <b>impacted</b> the schedule slightly.","私たちは予定に少し<b>影響</b>を与えた。"

"Choose the right <b>method</b>.","適切な<b>方法</b>を選びなさい。"
"She likes the scientific <b>method</b>.","彼女は科学的<b>体系</b>が好きだ。"
"Keep your work in good <b>order</b> and <b>method</b>.","仕事は秩序と<b>方法</b>を保ちなさい。"
"Our <b>method</b> is efficient.","私たちの<b>方法</b>は効率的だ。"

"Protect natural <b>resources</b>.","自然<b>資源</b>を保護しなさい。"
"We lack financial <b>resources</b>.","私たちは資金<b>資源</b>が不足している。"
"Her <b>resource</b> is creativity.","彼女の<b>才覚</b>は創造性だ。"
"Use all available <b>resources</b>.","利用可能な<b>資源</b>をすべて使いなさい。"

"The <b>region</b> is famous for wine.","その<b>地域</b>はワインで有名だ。"
"Pain appears in the lower <b>region</b>.","痛みは下腹部の<b>部位</b>に現れる。"
"We will visit the coastal <b>region</b>.","沿岸<b>地域</b>を訪れる予定だ。"
"Study the brain <b>regions</b>.","脳の<b>領域</b>を学びなさい。"
"Modern <b>medicine</b> saves many lives.","現代<b>医学</b>は多くの命を救う。"
"Take the <b>medicine</b> after meals.","食後に<b>薬</b>を飲みなさい。"
"She studies sports <b>medicine</b>.","彼女はスポーツ<b>医学</b>を研究している。"
"The doctor prescribed a liquid <b>medicine</b>.","医者は液体の<b>薬</b>を処方した。"

"Provide more <b>detail</b> in the report.","報告書にさらに<b>詳細</b>を記載しなさい。"
"I like the <b>details</b> of this design.","このデザインの<b>細部</b>が気に入っている。"
"He asked for <b>details</b> about the plan.","彼は計画の<b>詳細な情報</b>を求めた。"
"We discussed the <b>detail</b> quietly.","私たちはその<b>細部</b>を静かに話し合った。"

"The phone’s main <b>feature</b> is its camera.","その携帯の主な<b>特徴</b>はカメラだ。"
"She has a kind facial <b>feature</b>.","彼女は優しい<b>顔つき</b>をしている。"
"This magazine has a special <b>feature</b> on AI.","この雑誌はAIの特集<b>記事</b>がある。"
"We will <b>feature</b> local artists.","地元のアーティストを<b>特集</b>する。"

"This tool has a useful <b>function</b>.","このツールには便利な<b>機能</b>がある。"
"Learn the <b>function</b> of the heart.","心臓の<b>機能</b>を学びなさい。"
"Use the math <b>function</b> to calculate.","計算には数学の<b>関数</b>を使いなさい。"
"The device does not <b>function</b> properly.","その装置は正常に<b>作動</b>しない。"

"We need <b>access</b> to the server.","サーバーへの<b>アクセス</b>が必要だ。"
"Only members have <b>access</b> rights.","会員だけが<b>入手</b>権限を持つ。"
"The path allows easy <b>access</b>.","その小道は簡単な<b>接近</b>を可能にする。"
"They improved <b>access</b> for users.","彼らはユーザーの<b>アクセス</b>性を改善した。"

"Add each <b>item</b> to the list.","各<b>項目</b>をリストに追加しなさい。"
"Store fragile <b>items</b> carefully.","壊れやすい<b>品目</b>は丁寧に保管しなさい。"
"We bought ten <b>items</b> today.","今日は同種の<b>～個</b>を10買った。"
"Read the short news <b>item</b>.","短い<b>記事</b>を読みなさい。"

"His <b>income</b> increased this year.","今年彼の<b>収入</b>が増えた。"
"Report your <b>income</b> honestly.","<b>所得</b>は正直に申告しなさい。"
"Average household <b>income</b> is rising.","平均世帯<b>収入</b>が上昇している。"
"The job offers steady <b>income</b>.","その仕事は安定した<b>収入</b>を提供する。"

"Her <b>attitude</b> is positive.","彼女の<b>態度</b>は前向きだ。"
"We studied public <b>attitudes</b>.","私たちは一般の<b>考え方</b>を調べた。"
"Change your <b>attitude</b> toward mistakes.","失敗への<b>心構え</b>を変えなさい。"
"A humble <b>attitude</b> helps you learn.","謙虚な<b>態度</b>は学びを助ける。"

"This <b>site</b> is hard to access.","この<b>用地</b>はアクセスが難しい。"
"We visited the historic <b>site</b>.","歴史的な<b>跡地</b>を訪れた。"
"I redesigned the web <b>site</b>.","ウェブ<b>サイト</b>を再設計した。"
"Choose a safe camping <b>site</b>.","安全な<b>場所</b>でキャンプしなさい。"

"Consider every <b>aspect</b> of the problem.","問題のあらゆる<b>側面</b>を考えなさい。"
"Her <b>aspect</b> changed in the new light.","新しい光で彼女の<b>様相</b>が変わった。"
"We studied the north-facing <b>aspect</b>.","北向きの<b>向き</b>を調べた。"
"This <b>aspect</b> of the plan is risky.","計画のこの<b>観点</b>は危険だ。"

"The bridge’s <b>structure</b> is strong.","その橋の<b>構造</b>は強固だ。"
"We learned the social <b>structure</b>.","社会の<b>体系</b>を学んだ。"
"The city built a new <b>structure</b> downtown.","市は中心部に新しい<b>構造物</b>を建てた。"
"Improve the data <b>structure</b>.","データ<b>構造</b>を改善しなさい。"

"A healthy <b>habit</b> is daily walking.","健康的な<b>習慣</b>は毎日の散歩だ。"
"He has the <b>habit</b> of biting nails.","彼には爪を噛む<b>癖</b>がある。"
"Break a bad <b>habit</b> slowly.","悪い<b>習慣</b>は徐々にやめなさい。"
"Family <b>habits</b> are hard to change.","家庭の<b>習慣</b>は変えにくい。"

"Find a <b>link</b> between the facts.","その事実の<b>関連</b>を見つけなさい。"
"A new <b>link</b> connects the towns.","新しい<b>交通手段</b>が町を結ぶ。"
"Please send the web <b>link</b>.","ウェブ<b>リンク</b>を送ってください。"
"There’s a strong <b>link</b> to health.","健康への強い<b>つながり</b>がある。"

"Give an <b>instance</b> of the rule.","その規則の<b>例</b>を挙げなさい。"
"In this <b>instance</b>, we wait.","この<b>場合</b>は待つ。"
"We saw many <b>instances</b> of success.","多くの<b>実例</b>の成功を見た。"
"For <b>instance</b>, try a smaller sample.","<b>例えば</b>、より小さなサンプルを試しなさい。"

"Keep a <b>positive</b> mindset.","<b>肯定的</b>な心構えを保ちなさい。"
"He gave a <b>positive</b> answer.","彼は<b>積極的</b>な回答をした。"
"She is <b>positive</b> about success.","彼女は成功に<b>確信</b>がある。"
"The test was <b>positive</b>.","検査結果は<b>陽性</b>だった。"

"Avoid a <b>negative</b> attitude.","<b>否定的</b>な態度は避けなさい。"
"He is <b>negative</b> about the plan.","彼はその計画に<b>消極的</b>だ。"
"Her comments had a <b>negative</b> effect.","彼女のコメントは<b>悪影響</b>を与えた。"
"The test was <b>negative</b>.","検査結果は<b>陰性</b>だった。"

"This is a <b>complex</b> issue.","これは<b>複雑</b>な問題だ。"
"They live in a housing <b>complex</b>.","彼らは住宅<b>複合</b>施設に住んでいる。"
"He has a superiority <b>complex</b>.","彼は優越感という<b>コンプレックス</b>がある。"
"The molecule is a <b>complex</b> of proteins.","その分子はタンパク質の<b>複合体</b>だ。"

"The <b>current</b> plan is working.","<b>現在</b>の計画はうまくいっている。"
"This style is <b>current</b> now.","このスタイルは今<b>通用</b>している。"
"Measure the electric <b>current</b>.","電気<b>電流</b>を測りなさい。"
"Read the <b>current</b> issue of the journal.","雑誌の<b>最新</b>号を読みなさい。"
"<b>Mental</b> health matters to everyone.","<b>精神</b>の健康は誰にとっても重要だ。"
"She has strong <b>mental</b> focus.","彼女は<b>知能</b>面の集中力が高い。"
"Solve it with <b>mental</b> math.","<b>頭の中で行う</b>計算で解きなさい。"
"The stress caused <b>mental</b> fatigue.","ストレスが<b>精神</b>的疲労を引き起こした。"

"Give <b>specific</b> instructions.","<b>特定</b>の指示を与えなさい。"
"We need a <b>specific</b> plan.","<b>明確な</b>計画が必要だ。"
"This symptom is <b>specific</b> to children.","この症状は子どもに<b>特有</b>だ。"
"Be <b>specific</b> about the steps.","手順を<b>具体的</b>に述べなさい。"

"This is a <b>significant</b> improvement.","これは<b>重要</b>な改善だ。"
"The results are <b>significant</b> statistically.","その結果は統計的に<b>意義深い</b>。"
"She made a <b>significant</b> impact.","彼女は<b>重大</b>な影響を与えた。"
"A <b>significant</b> number attended.","<b>かなりの</b>人数が参加した。"

"Water is <b>essential</b> for life.","水は生命に<b>必要不可欠</b>だ。"
"Learn the <b>essential</b> points.","<b>本質的</b>な要点を学びなさい。"
"This skill is <b>essential</b> to the job.","この技能は仕事に<b>不可欠</b>だ。"
"We packed only <b>essential</b> items.","<b>必需</b>品だけを詰めた。"

"Follow the <b>official</b> guidelines.","<b>公式</b>ガイドラインに従いなさい。"
"She wrote an <b>official</b> letter.","彼女は<b>公用</b>の手紙を書いた。"
"Visit the <b>official</b> website.","<b>公式</b>サイトを訪れなさい。"
"He works in an <b>official</b> capacity.","彼は<b>役所</b>の立場で働く。"

"Get <b>financial</b> support.","<b>財政</b>支援を受けなさい。"
"The <b>financial</b> report is ready.","<b>財界</b>向けの報告ができた。"
"Improve your <b>financial</b> literacy.","<b>財政</b>リテラシーを高めなさい。"
"She manages <b>financial</b> risk.","彼女は<b>財政</b>リスクを管理する。"

"He published in an <b>academic</b> journal.","彼は<b>学問</bの雑誌に掲載した。"
"She works in an <b>academic</b> setting.","彼女は<b>大学</bの環境で働く。"
"Avoid non-<b>academic</b> sources.","<b>学問</b>的でない情報源は避けなさい。"
"Maintain <b>academic</b> standards.","<b>学問</b>の基準を保ちなさい。"

"Be <b>aware</b> of the rules.","規則に<b>気づい</b>ていなさい。"
"She is <b>aware</b> of the risks.","彼女はリスクを<b>知って</b>いる。"
"I was not <b>aware</b> of that.","私はそれに<b>気づい</b>ていなかった。"
"Stay <b>aware</b> during driving.","運転中は<b>気づい</b>ていなさい。"

"This book is <b>worth</b> reading.","この本は読む<b>価値がある</b>。"
"It’s not <b>worth</b> the effort.","その努力に<b>値し</b>ない。"
"The painting is <b>worth</b> $1,000.","その絵は1000ドルの<b>価値</b>がある。"
"Is it <b>worth</b> doing?","それは<b>...するに値する</b>？"

"She has great <b>potential</b>.","彼女には大きな<b>潜在的</b>可能性がある。"
"This market has <b>potential</b>.","この市場には<b>可能性</b>がある。"
"Unlock your <b>potential</b>.","自分の<b>可能性</b>を引き出しなさい。"
"We hired <b>potential</b> leaders.","<b>可能性を秘めた</b>リーダーを採用した。"

"Stay <b>active</b> every day.","毎日<b>活動的</b>に過ごしなさい。"
"He took an <b>active</b> role.","彼は<b>積極的</b>な役割を担った。"
"The drug is <b>active</b> in water.","その薬は水で<b>効力</b>がある。"
"Keep your mind <b>active</b>.","心を<b>活動的</b>に保ちなさい。"

"Buy a <b>digital</b> camera.","<b>デジタル</b>カメラを買いなさい。"
"Use <b>digital</b> tools.","<b>デジタル方式</b>のツールを使いなさい。"
"Check the <b>digital</b> display.","<b>数字</b>表示を確認しなさい。"
"We prefer <b>digital</b> records.","<b>デジタル</b>記録を好む。"

"Buy a <b>mobile</b> workstation.","<b>可動</b>式ワークステーションを買いなさい。"
"She works in a highly <b>mobile</b> team.","彼女は<b>流動性</b>の高いチームで働く。"
"Use your <b>mobile</b> phone.","<b>モバイル</b>電話を使いなさい。"
"The exhibit is <b>mobile</b>.","その展示は<b>移動</b>式だ。"

"Try a <b>novel</b> approach.","<b>斬新な</b>やり方を試しなさい。"
"He writes a <b>novel</b>.","彼は<b>小説</b>を書く。"
"The design feels <b>novel</b>.","そのデザインは<b>目新しい</b>感じだ。"
"A <b>novel</b> solution emerged.","<b>新しい</b>解決策が現れた。"

"Use a <b>plastic</b> container.","<b>プラスチック</b>容器を使いなさい。"
"The material is highly <b>plastic</b>.","その素材は非常に<b>柔軟</b>だ。"
"Avoid <b>plastic</b> waste.","<b>プラスチック</b>ごみを避けなさい。"
"Wear <b>plastic</b> rain gear.","<b>ビニール</b>の雨具を着なさい。"

"Test the <b>chemical</b> reaction.","<b>化学</b>反応を試験しなさい。"
"Study <b>chemical</b> properties.","<b>化学的</b>性質を学びなさい。"
"Use <b>chemical</b> cleaners carefully.","<b>化学</b>洗剤は慎重に使いなさい。"
"Avoid unsafe <b>chemical</b> exposure.","安全でない<b>化学</b>曝露を避けなさい。"

"Water is <b>necessary</b> for plants.","植物には水が<b>必要</b>だ。"
"Buy only the <b>necessary</b> items.","<b>必要</b>な物だけ買いなさい。"
"Food is <b>necessary</b> for survival.","生存には食料が<b>不可欠</b>だ。"
"An ID is <b>necessary</b> to enter.","入場にはIDが<b>必要</b>だ。"

"He’ll finish <b>eventually</b>.","彼は<b>結局</b>終えるだろう。"
"It <b>eventually</b> became clear.","それは<b>結局</b>明らかになった。"
"We’ll meet <b>eventually</b>.","私たちは<b>やがて</b>会うだろう。"
"She <b>eventually</b> agreed.","彼女は<b>結局</b>同意した。"

"Please <b>identify</b> the species.","その種を<b>特定</b>しなさい。"
"We <b>identified</b> key risks.","主要なリスクを<b>特定</b>した。"
"She <b>identified</b> with the character.","彼女はその人物に<b>同一視</b>した。"
"Can you <b>identify</b> this part?","この部品を<b>識別</b>できますか。"

"The logo <b>represents</b> our brand.","そのロゴは私たちのブランドを<b>表す</b>。"
"He <b>represents</b> the team.","彼はチームを<b>代表</b>する。"
"This number <b>represents</b> cost.","この数値は費用に<b>相当</b>する。"
"The graph <b>represented</b> growth.","そのグラフは成長を<b>示し</b>た。"

"The data <b>indicates</b> a trend.","そのデータは傾向を<b>示す</b>。"
"Please <b>indicate</b> your choice.","選択を<b>述べ</b>なさい。"
"Arrows <b>indicate</b> direction.","矢印は方向を<b>指し示す</b>。"
"Her face <b>indicated</b> surprise.","彼女の顔は驚きを<b>示し</b>た。"

"She <b>manages</b> a small team.","彼女は小さなチームを<b>管理</b>する。"
"We <b>managed</b> to finish on time.","私たちは何とか<b>成し遂げ</b>時間通りに終えた。"
"Can you <b>manage</b> this task?","この仕事を<b>なんとか成し遂げ</b>られますか。"
"He <b>manages</b> resources well.","彼は資源をうまく<b>管理</b>する。"

"Please <b>attend</b> the meeting.","会議に<b>出席</b>してください。"
"Nurses <b>attend</b> patients kindly.","看護師は患者を<b>世話</b>する。"
"We must <b>attend</b> to the issue.","この問題に<b>対処</b>しなければならない。"
"He <b>attended</b> a workshop.","彼はワークショップに<b>出席</b>した。"

"We <b>maintain</b> the system regularly.","定期的にシステムを<b>維持</b>する。"
"She <b>maintained</b> that it was true.","彼女はそれが本当だと<b>主張</b>した。"
"They <b>maintain</b> three children.","彼らは3人の子を<b>養っ</b>ている。"
"Please <b>maintain</b> order.","秩序を<b>維持</b>しなさい。"

"We <b>surveyed</b> 500 users.","500人のユーザーを<b>調査</b>した。"
"He <b>surveyed</b> the room.","彼は部屋を<b>じろじろ見</b>た。"
"The book <b>surveys</b> the field.","その本は分野を<b>概観</b>する。"
"We ran a market <b>survey</b>.","市場<b>調査</b>を実施した。"

"We <b>replaced</b> the battery.","バッテリーを<b>取り替え</b>た。"
"Smartphones have <b>replaced</b> cameras.","スマホがカメラに<b>取って代わっ</b>た。"
"Please <b>replace</b> old files.","古いファイルを<b>取り替え</b>なさい。"
"He <b>replaced</b> sugar with honey.","彼は砂糖を蜂蜜に<b>置き換え</b>た。"

"<b>Sort</b> these items into bins.","これらの品を箱に<b>分類</b>しなさい。"
"We <b>sorted</b> emails into folders.","メールをフォルダに<b>分類</b>した。"
"Please <b>sort</b> out the problems.","問題を<b>えり分け</b>てください。"
"We <b>sort</b> by size.","サイズで<b>分類</b>する。"

"We <b>conduct</b> experiments weekly.","毎週実験を<b>実施</b>する。"
"The guide <b>conducted</b> us to the exit.","ガイドは私たちを出口へ<b>導い</b>た。"
"Copper <b>conducts</b> electricity.","銅は電気を<b>伝導</b>する。"
"He was praised for good <b>conduct</b>.","彼は良い<b>行い</b>で称賛された。"

"We <b>associate</b> smell with memory.","匂いを記憶と<b>結び付け</b>て考える。"
"She <b>associates</b> with artists.","彼女は芸術家と<b>交際</b>する。"
"This color is <b>associated</b> with calm.","この色は落ち着きと<b>結び付け</b>られる。"
"People often <b>associate</b> cats with luck.","人は猫を幸運と<b>結び付け</b>ることが多い。"

"We <b>attempted</b> a new method.","新しい方法を<b>試み</b>た。"
"He <b>attempted</b> to climb the peak.","彼はその頂上に<b>挑戦</b>した。"
"An <b>attempt</b> was made to fix it.","修理の<b>試み</b>がなされた。"
"She <b>attempts</b> the puzzle daily.","彼女は毎日そのパズルに<b>挑む</b>。"

"We aim to <b>promote</b> recycling.","リサイクルを<b>促進</b>することを目指す。"
"He was <b>promoted</b> last year.","彼は昨年<b>昇進</b>した。"
"The ad <b>promotes</b> the new product.","その広告は新製品を<b>宣伝</b>する。"
"They <b>promoted</b> her to manager.","彼らは彼女をマネージャーに<b>昇進</b>させた。"

"She <b>earns</b> trust easily.","彼女は信頼を<b>得</b>やすい。"
"He <b>earns</b> $3,000 a month.","彼は月<b>稼ぐ</b>3000ドルだ。"
"The policy <b>earns</b> support.","その方針は支持を<b>もたら</b>す。"
"She <b>earned</b> a prize.","彼女は賞を<b>得</b>た。"

"We will <b>unite</b> the teams.","チームを<b>団結</b>させる。"
"Two firms <b>united</b> last month.","2社が先月<b>結合</b>した。"
"Let’s <b>unite</b> for peace.","平和のために<b>団結</b>しよう。"
"The parts <b>unite</b> to form a whole.","部品が<b>結合</b>して全体になる。"

"We <b>feed</b> the baby at noon.","正午に赤ちゃんに<b>食べ物を与え</b>る。"
"The system <b>feeds</b> data with sensors.","そのシステムはセンサーでデータを<b>供給</b>する。"
"Birds <b>feed</b> on seeds.","鳥は種を<b>餌として食べ</b>る。"
"We <b>fed</b> the machine with power.","機械に電力を<b>補給</b>した。"

"We <b>seek</b> answers.","答えを<b>追い求め</b>る。"
"They <b>sought</b> help.","彼らは助けを<b>要請</b>した。"
"She <b>seeks</b> a new job.","彼女は新しい仕事を<b>追い求め</b>る。"
"We <b>seek</b> advice from experts.","専門家に助言を<b>要請</b>する。"

"We <b>observed</b> birds closely.","鳥を注意深く<b>観察</b>した。"
"He <b>observed</b> the rules.","彼は規則を<b>遵守</b>した。"
"I <b>observed</b> a mistake.","私は誤りに<b>気づい</b>た。"
"Mirrors <b>observe</b> light?","鏡は光を<b>観察</b>する？"

"We <b>revealed</b> the truth.","真実を<b>明らかに</b>した。"
"She <b>revealed</b> the design.","彼女は設計を<b>見せ</b>た。"
"The test <b>revealed</b> a problem.","テストは問題を<b>明らかに</b>した。"
"He <b>revealed</b> the painting.","彼はその絵を<b>見せ</b>た。"

"We <b>estimated</b> the cost.","費用を<b>見積もっ</b>た。"
"She <b>estimated</b> 20% growth.","彼女は20％の成長と<b>推定</b>した。"
"Please <b>estimate</b> the time.","時間を<b>見積もっ</b>てください。"
"He <b>estimated</b> the size.","彼は大きさを<b>評価</b>した。"

"Clouds <b>reflect</b> light.","雲は光を<b>反射</b>する。"
"The score <b>reflects</b> effort.","そのスコアは努力を<b>反映</b>する。"
"She <b>reflected</b> on the past.","彼女は過去を<b>熟考</b>した。"
"Mirrors <b>reflect</b> images.","鏡は像を<b>反射</b>する。"

"Bright colors <b>attract</b> customers.","鮮やかな色は顧客を<b>引きつけ</b>る。"
"The magnet <b>attracted</b> the pin.","磁石がピンを<b>引き寄せ</b>た。"
"This offer will <b>attract</b> talent.","このオファーは人材を<b>引きつけ</b>る。"
"The show <b>attracted</b> attention.","そのショーは注目を<b>集め</b>た。"

"Prices <b>decreased</b> slightly.","価格がわずかに<b>減少</b>した。"
"We <b>decreased</b> waste.","廃棄物を<b>減ら</b>した。"
"The population is <b>decreasing</b>.","人口が<b>減少</b>している。"
"Cut sugar to <b>decrease</b> risk.","砂糖を減らしてリスクを<b>減少</b>させなさい。"

"Don’t <b>ignore</b> safety rules.","安全規則を<b>無視</b>しないで。"
"She <b>ignored</b> the warning.","彼女は警告を<b>無視</b>した。"
"We <b>ignore</b> minor errors.","小さな誤りは<b>無視</b>する。"
"He <b>ignored</b> feedback.","彼はフィードバックを<b>無視</b>した。"

"These shoes <b>match</b> the suit.","この靴はスーツと<b>合う</b>。"
"No one <b>matches</b> her skill.","彼女の技能に<b>匹敵</b>する人はいない。"
"The records <b>match</b> perfectly.","記録は完全に<b>一致</b>する。"
"We <b>matched</b> colors carefully.","色を慎重に<b>合わせ</b>た。"

"Please <b>define</b> the term.","用語を<b>定義</b>しなさい。"
"We <b>defined</b> roles clearly.","役割を明確に<b>した</b>。"
"The border is <b>defined</b> by the river.","国境は川で<b>明確にされ</b>ている。"
"Let’s <b>define</b> success.","成功を<b>明確に</b>しよう。"

"<b>Adapt</b> to the new system.","新しいシステムに<b>適応</b>しなさい。"
"We <b>adapted</b> the plan.","計画を<b>適合</b>させた。"
"He <b>adapted</b> the book for film.","彼はその本を映画に<b>翻案</b>した。"
"Plants <b>adapt</b> to cold.","植物は寒さに<b>適応</b>する。"

"We <b>contribute</b> to the project.","そのプロジェクトに<b>貢献</b>する。"
"She <b>contributed</b> funds.","彼女は資金を<b>寄付</b>した。"
"He <b>contributes</b> articles.","彼は記事を<b>寄稿</b>する。"
"Many factors <b>contribute</b> to success.","多くの要因が成功の<b>一因となる</b>。"

"We will <b>exchange</b> gifts.","贈り物を<b>交換</b>する。"
"Please <b>exchange</b> dollars for yen.","ドルを円に<b>両替</b>しなさい。"
"They <b>exchanged</b> views.","彼らは意見を<b>交換</b>した。"
"We <b>exchange</b> data daily.","毎日データを<b>交換</b>する。"

"The museum will <b>display</b> the painting.","美術館はその絵を<b>展示</b>する。"
"She <b>displayed</b> great courage.","彼女は大きな勇気を<b>発揮</b>した。"
"The sign <b>displays</b> warnings.","その表示は警告を<b>示す</b>。"
"Please <b>display</b> your badge.","バッジを<b>示し</b>てください。"

"He <b>responded</b> quickly.","彼は素早く<b>反応</b>した。"
"Please <b>respond</b> to the email.","メールに<b>返信</b>してください。"
"The body <b>responds</b> to heat.","体は熱に<b>反応</b>する。"
"She <b>responded</b> with a smile.","彼女は笑顔で<b>応じ</b>た。"

"<b>Hide</b> the key under the mat.","鍵をマットの下に<b>隠し</b>なさい。"
"He <b>hid</b> behind the door.","彼はドアの裏に<b>隠れ</b>た。"
"The clouds <b>hide</b> the sun.","雲が太陽を<b>隠す</b>。"
"She <b>hid</b> her feelings.","彼女は気持ちを<b>隠し</b>た。"

"I <b>doubt</b> the claim.","その主張を<b>疑う</b>。"
"She <b>doubted</b> his story.","彼女は彼の話を<b>疑っ</b>た。"
"Don’t <b>doubt</b> yourself.","自分を<b>疑わ</b>ないで。"
"We have no <b>doubt</b> about the facts.","事実に<b>疑い</b>はない。"

"Please <b>remove</b> the cover.","カバーを<b>取り除</b>きなさい。"
"They <b>removed</b> old files.","古いファイルを<b>削除</b>した。"
"He was <b>removed</b> from the post.","彼はその職を<b>解雇</b>された。"
"We <b>removed</b> stains.","汚れを<b>取り除</b>いた。"

"<b>Wind</b> the clock daily.","時計を毎日<b>巻い</b>てください。"
"The road <b>winds</b> through hills.","その道は丘を<b>曲がりくねっ</b>て進む。"
"Vines <b>wind</b> around the pole.","つるが柱に<b>巻きつ</b>く。"
"Please <b>wind</b> the thread.","糸を<b>巻い</b>てください。"

"We <b>assume</b> it is true.","それが本当だと<b>当然のことと思</b>う。"
"He <b>assumed</b> power.","彼は権力を<b>手に入れ</b>た。"
"She <b>assumed</b> responsibility.","彼女は責任を<b>引き受け</b>た。"
"Don’t <b>assume</b> without evidence.","証拠なしに<b>仮定</b>しないで。"

"Take time to <b>relax</b>.","時間をとって<b>くつろい</b>で。"
"Muscles <b>relax</b> after warmth.","筋肉は温かさで<b>緩む</b>。"
"We <b>relaxed</b> at home.","家で<b>くつろい</b>だ。"
"Please <b>relax</b> the rules.","規則を<b>緩め</b>てください。"

"We <b>satisfy</b> the requirements.","要件を<b>満た</b>す。"
"She was <b>satisfied</b> with the result.","彼女は結果に<b>満足</b>した。"
"Can this <b>satisfy</b> the condition?","これで条件を<b>満た</b>せますか。"
"They <b>satisfied</b> the need.","彼らは必要を<b>満た</b>した。"

"We <b>desire</b> peace.","私たちは平和を<b>強く望</b>む。"
"She <b>desired</b> recognition.","彼女は評価を<b>望</b>んだ。"
"He has a <b>desire</b> to learn.","彼には学ぶ<b>願望</b>がある。"
"They <b>desire</b> change.","彼らは変化を<b>強く望</b>む。"

"We <b>succeeded</b> in the project.","そのプロジェクトに<b>成功</b>した。"
"He <b>succeeded</b> to the title.","彼はその称号を<b>継承</b>した。"
"She <b>succeeds</b> in tough tasks.","彼女は難しい仕事に<b>成功</b>する。"
"He <b>succeeded</b> his father.","彼は父を<b>継承</b>した。"

"The <b>concept</b> is easy to explain.","その<b>概念</b>は説明しやすい。"
"Her <b>concept</b> for the product is bold.","彼女の製品の<b>考え</b>は大胆だ。"
"We refined the marketing <b>concept</b>.","マーケティングの<b>コンセプト</b>を洗練した。"
"The <b>concept</b> of time varies by culture.","時間の<b>考え</b>は文化によって異なる。"

"Streetwear is today’s <b>fashion</b>.","ストリートウェアは今日の<b>流行</b>だ。"
"We studied the <b>fashion</b> of speech.","話し方という<b>流儀</b>を研究した。"
"That brand leads <b>fashion</b>.","そのブランドは<b>ファッション</b>を牽引する。"
"He dislikes formal <b>fashion</b>.","彼は形式的な<b>方法</b>が嫌いだ。"

"This <b>device</b> measures temperature.","この<b>装置</b>は温度を測る。"
"We installed a new network <b>device</b>.","新しいネットワーク<b>機器</b>を設置した。"
"Try different teaching <b>devices</b>.","様々な教授<b>方策</b>を試しなさい。"
"Mobile <b>devices</b> are everywhere.","モバイル<b>デバイス</b>はどこにでもある。"

"The hotel <b>charges</b> a fee.","そのホテルは<b>料金</b>を請求する。"
"Parents take <b>charge</b> of the event.","保護者がイベントの<b>世話</b>をする。"
"He is in <b>charge</b> of the budget.","彼は予算の<b>管理</b>を担当している。"
"They filed a <b>charge</b> in court.","彼らは<b>告発</b>を裁判所に提出した。"

"Note the sharp <b>contrast</b> in styles.","スタイルの鋭い<b>対照</b>に注目しなさい。"
"The colors are in strong <b>contrast</b>.","色は強く<b>対照</b>をなしている。"
"Her opinion is in <b>contrast</b> to mine.","彼女の意見は私の意見と<b>反対</b>だ。"
"We <b>contrast</b> A with B.","AをBと<b>対照</b>する。"

"A friendly <b>colleague</b> helped me.","親切な<b>同僚</b>が助けてくれた。"
"He chatted with a <b>colleague</b> at lunch.","彼は昼食で<b>同僚</b>と話した。"
"My <b>colleagues</b> support the plan.","<b>同僚</b>たちはその計画を支持する。"
"Ask a <b>colleague</b> for feedback.","<b>同僚</b>にフィードバックを求めなさい。"

"She felt sharp <b>pain</b> in her arm.","彼女は腕に鋭い<b>痛み</b>を感じた。"
"The news caused deep <b>pain</b>.","そのニュースは深い<b>苦悩</b>をもたらした。"
"He went through <b>pain</b> to finish.","彼は終えるため<b>骨折り</b>をした。"
"The treatment reduced the <b>pain</b>.","治療で<b>痛み</b>が軽減された。"

"Pay the phone <b>bill</b> today.","今日電話<b>請求書</b>を支払いなさい。"
"The restaurant brought the <b>bill</b>.","そのレストランは<b>勘定書</b>を持ってきた。"
"Parliament debates a new <b>bill</b>.","議会は新しい<b>法案</b>を審議する。"
"The <b>bill</b> passed unanimously.","その<b>法案</b>は全会一致で可決された。"

"Check the page <b>content</b>.","ページの<b>内容</b>を確認しなさい。"
"We need quality <b>content</b>.","質の高い<b>コンテンツ</b>が必要だ。"
"The box lost its <b>content</b>.","箱は<b>中身</b>を失った。"
"I feel <b>content</b> with the result.","結果に<b>満足</b>している。"

"Complete this <b>section</b> of the form.","フォームのこの<b>部門</b>を記入しなさい。"
"We cut a large <b>section</b> of the text.","本文の大きな<b>部分</b>を削った。"
"This <b>section</b> of town is busy.","町のこの<b>地区</b>は賑やかだ。"
"Fill in the comments <b>section</b>.","コメント<b>欄</b>を記入しなさい。"

"The <b>audience</b> applauded loudly.","<b>聴衆</b>は大きく拍手した。"
"The program reached a wide <b>audience</b>.","その番組は幅広い<b>視聴者</b>に届いた。"
"The <b>audience</b> loved the show.","<b>観客</b>はそのショーを気に入った。"
"She spoke to the <b>audience</b> calmly.","彼女は<b>聴衆</b>に落ち着いて話した。"

"Keep the <b>surface</b> clean.","<b>表面</b>を清潔に保ちなさい。"
"The <b>surface</b> looks smooth.","<b>表面</b>は滑らかに見える。"
"He judged by the <b>surface</b>.","彼は<b>外見</b>で判断した。"
"Water reached the <b>surface</b>.","水が<b>表面</b>に達した。"

"The <b>crop</b> was poor this year.","今年の<b>作物</b>は不作だった。"
"Wheat <b>crop</b> yields fell.","小麦の<b>収穫高</b>が下がった。"
"We protect the <b>crops</b> from pests.","<b>作物</b>を害虫から守る。"
"It’s tomato <b>crop</b> season.","トマトの<b>収穫期</b>だ。"

"Choose a clear <b>topic</b>.","明確な<b>話題</b>を選びなさい。"
"Stick to the <b>topic</b>.","<b>トピック</b>に集中しなさい。"
"The <b>topic</b> today is safety.","今日の<b>主題</b>は安全だ。"
"We changed the <b>topic</b> quickly.","私たちは<b>話題</b>をすぐ変えた。"

"Improve your writing <b>technique</b>.","文章の<b>技術</b>を向上させなさい。"
"She showed musical <b>technique</b>.","彼女は音楽の<b>技巧</b>を示した。"
"The lab developed a new <b>technique</b>.","研究室は新しい<b>手法</b>を開発した。"
"Practice presentation <b>techniques</b>.","プレゼンの<b>技術</b>を練習しなさい。"

"Her social <b>status</b> changed.","彼女の社会的<b>地位</b>が変わった。"
"What is the shipment <b>status</b>?","発送<b>状態</b>はどうですか。"
"He enjoys high <b>status</b>.","彼は高い<b>地位</b>を楽しんでいる。"
"Check the system <b>status</b>.","システムの<b>状態</b>を確認しなさい。"

"We have several <b>options</b>.","いくつかの<b>選択肢</b>がある。"
"Exercise gives you the <b>option</b> of health.","運動は健康という<b>選択</b>を与える。"
"Choose the best <b>option</b>.","最善の<b>選択肢</b>を選びなさい。"
"The app offers more <b>options</b>.","そのアプリはより多くの<b>選択肢</b>を提供する。"

"They offered a <b>reward</b> for information.","情報提供に<b>報酬</b>を申し出た。"
"He received a <b>reward</b> for his work.","彼は仕事の<b>報い</b>を受けた。"
"The bonus is a <b>reward</b>.","そのボーナスは<b>報酬</b>だ。"
"We will <b>reward</b> good behavior.","良い行動に<b>報いる</b>。"

"They study human <b>races</b>.","彼らは人<b>人種</b>を研究する。"
"The <b>race</b> lasted two hours.","その<b>競争</b>は2時間続いた。"
"We reject <b>race</b> bias.","<b>民族</b>の偏見を拒否する。"
"The team won the <b>race</b>.","そのチームは<b>競争</b>に勝った。"

"The <b>crime</b> shocked the town.","その<b>犯罪</b>は町に衝撃を与えた。"
"He was charged with a <b>crime</b>.","彼は<b>罪</b>に問われた。"
"Online <b>crime</b> is rising.","ネット上の<b>違法行為</b>が増加している。"
"Prevent <b>crime</b> through education.","教育で<b>犯罪</b>を防ぎなさい。"

"There is a <b>conflict</b> of interest.","利益の<b>争い</b>がある。"
"They resolved the <b>conflict</b>.","彼らは<b>論争</b>を解決した。"
"Data shows a <b>conflict</b> in results.","データは<b>不一致</b>を示す。"
"Two parties <b>conflicted</b> over policy.","2つの党は政策をめぐり<b>対立</b>した。"

"The team’s <b>struggle</b> paid off.","チームの<b>闘い</b>が報われた。"
"She is in a daily <b>struggle</b> to improve.","彼女は改善への<b>懸命の努力</b>を続けている。"
"We <b>struggled</b> to meet the deadline.","締め切りに間に合わせようと<b>奮闘</b>した。"
"He <b>struggled</b> with the heavy box.","彼は重い箱に<b>苦戦</b>した。"

"Consider the <b>context</b> of the quote.","引用の<b>状況</b>を考えなさい。"
"We studied historical <b>context</b>.","歴史的<b>背景</b>を学んだ。"
"The sentence changes in <b>context</b>.","文は<b>文脈</b>で意味が変わる。"
"Provide <b>context</b> for the chart.","その図に<b>状況</b>を補足しなさい。"

"They held a <b>debate</b> on AI.","彼らはAIについて<b>討論</b>を行った。"
"The <b>debate</b> was intense.","その<b>論争</b>は激しかった。"
"We attended a policy <b>debate</b>.","政策の<b>討論会</b>に出席した。"
"They <b>debated</b> late into the night.","彼らは夜遅くまで<b>討論</b>した。"

"Wind <b>fuel</b> powers the turbines.","風<b>燃料</b>がタービンを動かす。"
"The rumor <b>fueled</b> fear.","その噂が恐れを<b>勢いづけ</b>た。"
"The team used <b>fuel</b> efficiently.","チームは<b>燃料</b>を効率的に使った。"
"Coffee can <b>fuel</b> productivity.","コーヒーは生産性を<b>高め</b>ることがある。"

"Air <b>pollution</b> is severe here.","ここでは大気<b>汚染</b>が深刻だ。"
"Reduce <b>pollution</b> from factories.","工場の<b>公害</b>を減らしなさい。"
"Water <b>pollution</b> harms health.","水<b>汚染</b>は健康を害する。"
"Traffic causes <b>pollution</b>.","交通は<b>汚染</b>を引き起こす。"

"The market shows a clear <b>trend</b>.","市場は明確な<b>傾向</b>を示す。"
"Follow the latest <b>trend</b>.","最新の<b>流行</b>を追いなさい。"
"There is a <b>trend</b> toward remote work.","リモートワークへの<b>傾向</b>がある。"
"Prices <b>trended</b> downward.","価格は下方に<b>推移</b>した。"

"Keep your <b>balance</b> on the bike.","自転車で<b>バランス</b>を保ちなさい。"
"The <b>balance</b> of power shifted.","<b>均衡</b>が移った。"
"Check the account <b>balance</b>.","口座の<b>残高</b>を確認しなさい。"
"Practice <b>balance</b> exercises.","<b>平衡</b>運動を練習しなさい。"

"Heavy <b>traffic</b> delayed us.","激しい<b>交通</b>で遅れた。"
"Foot <b>traffic</b> increased.","人の<b>通行</b>が増えた。"
"Network <b>traffic</b> spiked.","ネットワーク<b>通信量</b>が急増した。"
"Stop illegal <b>traffic</b>.","違法<b>取引</b>を止めなさい。"

"We designed a new <b>strategy</b>.","新しい<b>戦略</b>を設計した。"
"Her <b>strategy</b> worked well.","彼女の<b>戦略</b>はうまくいった。"
"Let’s plan negotiation <b>strategy</b>.","交渉<b>戦略</b>を計画しよう。"
"Adapt the <b>strategy</b> for growth.","成長のため<b>戦略</b>を適応させなさい。"

"We set a strong <b>basis</b>.","強い<b>基礎</b>を築いた。"
"What’s the <b>basis</b> for your claim?","主張の<b>根拠</b>は何ですか。"
"Use a common <b>basis</b> for comparison.","比較の<b>基準</b>を共通にしなさい。"
"The <b>basis</b> of trust is honesty.","信頼の<b>基礎</b>は正直だ。"

"The <b>consequence</b> was unexpected.","<b>結果</b>は予想外だった。"
"We considered the <b>consequences</b>.","<b>結果</b>を検討した。"
"He ignored the <b>consequences</b>.","彼は<b>重大性</b>を無視した。"
"Small changes have big <b>consequences</b>.","小さな変化が大きな<b>結果</b>を生む。"

"Our <b>aim</b> is safety.","私たちの<b>目的</b>は安全だ。"
"He took careful <b>aim</b>.","彼は慎重に<b>狙い</b>を定めた。"
"We <b>aim</b> to finish early.","早期完了を<b>目標</b>とする。"
"Her <b>aim</b> is clear.","彼女の<b>目標</b>は明確だ。"

"Our <b>ancestor</b> migrated here.","私たちの<b>祖先</b>はここへ移住した。"
"He studied ancient <b>ancestors</b>.","彼は古代の<b>原型</b>を研究した。"
"We honor our <b>ancestors</b>.","私たちは<b>祖先</b>を敬う。"
"The device’s <b>ancestor</b> was simple.","その装置の<b>原型</b>は簡単だった。"

"A <b>gene</b> affects eye color.","<b>遺伝子</b>が目の色に影響する。"
"We mapped key <b>genes</b>.","重要な<b>遺伝子</b>をマッピングした。"
"This <b>gene</b> is common.","この<b>遺伝子</b>は一般的だ。"
"Study <b>gene</b> function.","<b>遺伝子</b>の機能を学びなさい。"

"Follow the <b>track</b> to the station.","駅まで<b>跡</b>をたどりなさい。"
"The train is on track 2.","列車は【米】2番線（<b>track</b>）だ。"
"We stayed on the right <b>track</b>.","正しい<b>軌道</b>に乗っていた。"
"Athletes ran on the <b>track</b>.","選手は走路（<b>track</b>）を走った。"

"A tech <b>revolution</b> is underway.","技術<b>革命</b>が進行中だ。"
"Measure a wheel’s <b>revolution</b>.","車輪の<b>回転</b>を測りなさい。"
"Planets make a yearly <b>revolution</b>.","惑星は年に一度<b>公転</b>する。"
"We fear social <b>revolution</b>.","社会<b>革命</b>を恐れる。"

"We saw strong <b>progress</b>.","大きな<b>進歩</b>を見た。"
"The team made steady <b>progress</b>.","チームは着実な<b>前進</b>をした。"
"He reports weekly <b>progress</b>.","彼は毎週<b>進歩</b>を報告する。"
"Track <b>progress</b> over time.","時間経過とともに<b>進捗</b>を追跡しなさい。"

"Human <b>cognitive</b> ability varies.","人間の<b>認知</b>能力は様々だ。"
"We measured <b>cognitive</b> load.","<b>認知</b>負荷を測定した。"
"He shows strong <b>cognitive</b> skills.","彼は高い<b>認知</b>の技能を示す。"
"Test <b>cognitive</b> functions.","<b>認知</b>機能を検査しなさい。"

"That’s the <b>ideal</b> solution.","それが<b>理想的な</b>解決策だ。"
"She has an <b>ideal</b> attitude.","彼女は<b>理想的な</b>態度を持っている。"
"We seek an <b>ideal</b> balance.","私たちは<b>理想</b>のバランスを追い求める。"
"The climate is <b>ideal</b> for grapes.","その気候はぶどうに<b>理想的</b>だ。"

"An <b>efficient</b> system saves time.","<b>効率的な</b>システムは時間を節約する。"
"He is an <b>efficient</b> manager.","彼は<b>有能な</b>管理者だ。"
"We need <b>efficient</b> logistics.","<b>効率的な</b>物流が必要だ。"
"The engine runs more <b>efficiently</b>.","そのエンジンはより<b>効率的に</b>動作する。"

"A <b>universal</b> rule applies here.","ここでは<b>普遍的な</b>規則が当てはまる。"
"English has <b>universal</b> use.","英語は<b>普遍的な</b>使用がある。"
"This theme is <b>universal</b>.","このテーマは<b>普遍的</b>だ。"
"We built <b>universal</b> access.","<b>ユニバーサル</b>アクセスを構築した。"

"They own a <b>vast</b> area.","彼らは<b>広大な</b>地域を所有している。"
"There is <b>vast</b> potential.","<b>莫大な</b>可能性がある。"
"The desert is <b>vast</b>.","その砂漠は<b>広大</b>だ。"
"We saw <b>vast</b> differences.","<b>大きな</b>違いを見た。"

"We need <b>extra</b> staff this week.","今週は<b>追加の</b>スタッフが必要だ。"
"Bring <b>extra</b> copies.","<b>予備の</b>コピーを持ってきて。"
"He paid an <b>extra</b> fee.","彼は<b>別勘定の</b>料金を支払った。"
"Do you have <b>extra</b> time?","
<b>余分の</b>時間はありますか。"

"The <b>entire</b> team agreed.","チーム<b>全体</b>が賛成した。"
"Read the <b>entire</b> report.","報告書<b>全部</b>を読みなさい。"
"She spent the <b>entire</b> day studying.","彼女は<b>一日中</b>勉強した。"
"We covered the <b>entire</b> topic.","その<b>全体</bのトピックを扱った。"

"I’m <b>familiar</b> with this tool.","私はこのツールに<b>精通して</b>いる。"
"It’s a <b>familiar</b> story.","それは<b>よく知られている</b>話だ。"
"Make users <b>familiar</b> with the app.","ユーザーをアプリに<b>慣れ</b>させなさい。"
"He felt a <b>familiar</b> warmth.","彼は<b>馴染みの</b>温かさを感じた。"

"The answer is <b>obvious</b>.","答えは<b>明らか</b>だ。"
"She gave an <b>obvious</b> hint.","彼女は<b>明白な</b>ヒントを与えた。"
"It seems <b>obvious</b> now.","今は<b>明らか</b>に思える。"
"Avoid <b>obvious</b> mistakes.","<b>明白な</b>間違いを避けなさい。"

"It’s a <b>moral</b> choice.","それは<b>道徳的な</b>選択だ。"
"He teaches <b>moral</b> values.","彼は<b>倫理的な</b>価値を教える。"
"A <b>moral</b> lesson is clear.","<b>教訓的な</b>教えは明確だ。"
"They faced a <b>moral</b> dilemma.","彼らは<b>倫理的な</b>ジレンマに直面した。"

"It’s an <b>ordinary</b> day.","それは<b>普通の</b>一日だ。"
"Solve <b>ordinary</b> problems first.","<b>一般の</b>問題を先に解決しなさい。"
"She wore <b>ordinary</b> clothes.","彼女は<b>並の</b>服を着ていた。"
"Avoid <b>ordinary</b> errors.","<b>ありふれた</b>誤りを避けなさい。"

"We need <b>equal</b> opportunities.","<b>平等な</b>機会が必要だ。"
"Two boxes are of <b>equal</b> size.","2つの箱は<b>同じ</b>大きさだ。"
"Treat all customers <b>equally</b>.","すべての顧客を<b>平等に</b>扱いなさい。"
"He is <b>equal</b> to the task.","彼はその仕事に<b>匹敵</b>する力がある。"

"In the <b>previous</b> meeting, we agreed.","<b>前の</b>会議で合意した。"
"Read the <b>previous</b> chapter.","<b>以前の</b>章を読みなさい。"
"She worked there the <b>previous</b> year.","彼女は<b>前年</b>そこに勤めた。"
"Refer to the <b>previous</b> data.","<b>過去の</b>データを参照しなさい。"

"That claim is <b>false</b>.","その主張は<b>間違って</b>いる。"
"He gave a <b>false</b> name.","彼は<b>偽の</b>名前を名乗った。"
"Avoid <b>false</b> alarms.","<b>虚偽の</b>警報を避けなさい。"
"The report is <b>false</b>.","その報告は<b>虚偽</b>だ。"

"It’s a <b>rare</b> opportunity.","それは<b>まれな</b>機会だ。"
"The bird is <b>rare</b> here.","その鳥はここでは<b>珍しい</b>。"
"She has <b>rare</b> talent.","彼女は<b>希少な</b>才能を持っている。"
"We tasted <b>rare</b> flavors.","私たちは<b>珍しい</b>風味を味わった。"

"It’s <b>legal</b> to do so.","そうすることは<b>合法</b>だ。"
"Seek <b>legal</b> advice.","<b>法律の</b>助言を求めなさい。"
"He faced <b>legal</b> issues.","彼は<b>法的な</b>問題に直面した。"
"She studied <b>legal</b> cases.","彼女は<b>法律の</b>事例を研究した。"

"Remain <b>independent</b> in judgment.","判断では<b>独立</b>していなさい。"
"He is financially <b>independent</b>.","彼は経済的に<b>自立</b>している。"
"An <b>independent</b> board reviewed it.","<b>独立した</b>委員会がそれを審査した。"
"The project is <b>independent</b> of others.","そのプロジェクトは他と<b>独立</b>している。"

"We face <b>extreme</b> weather.","私たちは<b>極端な</b>天候に直面している。"
"He showed <b>extreme</b> caution.","彼は<b>極度の</b>注意を示した。"
"Avoid <b>extreme</b> measures.","<b>過激な</b>手段は避けなさい。"
"Temperatures reached <b>extreme</b> levels.","気温が<b>極端な</b>水準に達した。"

"Check the <b>actual</b> numbers.","<b>実際の</b>数値を確認しなさい。"
"The <b>actual</b> cost was lower.","<b>実際の</b>費用は低かった。"
"We saw <b>actual</b> results.","<b>現実の</b>結果を見た。"
"That’s the <b>actual</b> problem.","それが<b>本当の</b>問題だ。"

"I’m <b>willing</b> to help.","私は喜んで<b>いとわず</b>手伝う。"
"She is <b>willing</b> to try.","彼女は<b>かまわず</b>挑戦する気がある。"
"They were <b>willing</b> participants.","彼らは<b>快く</b>参加した。"
"He seems <b>willing</b> to learn.","彼は学ぶことに<b>前向き</b>だ。"

"<b>Urban</b> life is fast.","<b>都市の</b>生活は速い。"
"An <b>urban</b> area grew quickly.","<b>都市</b>地域が急速に成長した。"
"Plan <b>urban</b> development carefully.","<b>都市</b>開発を慎重に計画しなさい。"
"<b>Urban</b> design improves safety.","<b>都市</b>デザインは安全性を高める。"

"<b>Whereas</b> A grew, B shrank.","Aが成長した<b>一方で</b>Bは縮小した。"
"<b>Whereas</b> some agree, others resist.","賛成する人がいる<b>一方</b>、反対する人もいる。"
"He is calm, <b>whereas</b> I worry.","彼は冷静だが、私は<b>一方で</b>心配している。"
"We saved costs, <b>whereas</b> quality held.","コストは削減した<b>一方で</b>品質は維持された。"

"We <b>predict</b> higher sales.","売上増を<b>予測</b>する。"
"Experts <b>predicted</b> the result.","専門家は結果を<b>予測</b>した。"
"The model <b>predicts</b> demand.","そのモデルは需要を<b>予測</b>する。"
"Can you <b>predict</b> the trend?","
その傾向を<b>予測</b>できますか。"

"Please <b>examine</b> the data.","データを<b>調べ</b>てください。"
"The doctor <b>examined</b> her.","医師は彼女を<b>診察</b>した。"
"We <b>examined</b> the device.","装置を<b>検査</b>した。"
"Carefully <b>examine</b> each sample.","各サンプルを慎重に<b>調べ</b>なさい。"

"I <b>trust</b> her judgment.","私は彼女の判断を<b>信頼</b>する。"
"Can we <b>trust</b> this source?","
この情報源を<b>信頼</b>できますか。"
"He is a <b>trusted</b> partner.","彼は<b>信頼</b>できる協力者だ。"
"We <b>trust</b> our team.","私たちはチームを<b>信頼</b>している。"

"Don’t <b>stick</b> labels here.","ここにラベルを<b>貼り付け</b>ないで。"
"The rule <b>sticks</b> in memory.","その規則は記憶に<b>残る</b>。"
"He <b>stuck</b> to the plan.","彼は計画に<b>固執</b>した。"
"Gum <b>sticks</b> to shoes.","ガムが靴に<b>くっつく</b>。"

"New issues <b>emerge</b> daily.","新しい問題が毎日<b>現れる</b>。"
"A leader <b>emerged</b> from the team.","チームからリーダーが<b>台頭</b>した。"
"Patterns <b>emerge</b> over time.","時間とともにパターンが<b>明らかに</b>なる。"
"Details <b>emerged</b> after review.","見直し後に詳細が<b>明らかに</b>なった。"

"Results <b>vary</b> by region.","結果は地域によって<b>さまざま</b>だ。"
"Prices <b>vary</b> widely.","価格は大きく<b>変わる</b>。"
"We <b>varied</b> the method.","方法を<b>変え</b>た。"
"Opinions <b>vary</b> across groups.","意見はグループ間で<b>異なる</b>。"

"They <b>release</b> a report monthly.","彼らは毎月レポートを<b>発表</b>する。"
"The valve <b>released</b> pressure.","弁が圧力を<b>放出</b>した。"
"We <b>released</b> the prisoner.","囚人を<b>解放</b>した。"
"Please <b>release</b> the lock.","ロックを<b>解除</b>してください。"

"Let’s <b>divide</b> the tasks.","仕事を<b>分け</b>よう。"
"The river <b>divides</b> the town.","川が町を<b>分け隔て</b>ている。"
"Don’t <b>divide</b> our team.","私たちのチームを<b>分裂</b>させないで。"
"We <b>divided</b> the bill.","勘定を<b>割り勘</b>にした。"

"This tool <b>enables</b> faster work.","このツールはより速い作業を<b>可能に</b>する。"
"The grant <b>enabled</b> the study.","助成金が研究を<b>可能に</b>した。"
"Settings <b>enable</b> features.","設定が機能を<b>有効化</b>する。"
"Training <b>enables</b> success.","訓練が成功を<b>可能に</b>する。"

"Please <b>judge</b> fairly.","公平に<b>判断</b>してください。"
"We <b>judged</b> the entries.","応募作品を<b>審査</b>した。"
"It’s hard to <b>judge</b> quality.","品質を<b>判断</b>するのは難しい。"
"The court <b>judged</b> the case.","裁判所が事件を<b>裁いた</b>。"

"We <b>rely</b> on data.","私たちはデータに<b>頼る</b>。"
"You can <b>rely</b> on me.","私を<b>頼り</b>にしていい。"
"The plan <b>relies</b> on funding.","その計画は資金に<b>依存</b>している。"
"Teams <b>rely</b> on trust.","チームは信頼に<b>依存</b>する。"

"We <b>engage</b> with users.","ユーザーと<b>関わる</b>。"
"She is <b>engaged</b> in research.","彼女は研究に<b>従事</b>している。"
"Please <b>engage</b> the audience.","聴衆を<b>引き込んで</b>ください。"
"We <b>engaged</b> new staff.","新しいスタッフを<b>雇用</b>した。"

"Let’s <b>shift</b> focus.","焦点を<b>変え</b>よう。"
"Traffic <b>shifted</b> east.","交通が東へ<b>移動</b>した。"
"He <b>shifted</b> gears quickly.","彼は素早くギアを<b>切り替え</b>た。"
"Prices <b>shift</b> over time.","価格は時間とともに<b>変化</b>する。"

"We <b>adopt</b> a new policy.","新しい方針を<b>採用</b>する。"
"She <b>adopted</b> a calm tone.","彼女は落ち着いた口調を<b>とった</b>。"
"They <b>adopted</b> a child.","彼らは子どもを<b>養子に</b>した。"
"Please <b>adopt</b> best practices.","ベストプラクティスを<b>採用</b>してください。"

"We <b>acquire</b> new skills.","新しい技能を<b>習得</b>する。"
"The firm <b>acquired</b> a startup.","その会社はスタートアップを<b>買収</b>した。"
"Students <b>acquire</b> knowledge.","学生は知識を<b>身につけ</b>る。"
"He <b>acquired</b> property.","彼は資産を<b>取得</b>した。"

"We <b>expand</b> the service.","サービスを<b>拡大</b>する。"
"The gas <b>expanded</b> when heated.","気体は加熱で<b>膨張</b>した。"
"Please <b>expand</b> on your idea.","考えを<b>詳説</b>してください。"
"Our reach <b>expanded</b> globally.","影響範囲が世界に<b>広がっ</b>た。"

"I must <b>refuse</b> the offer.","その提案を<b>拒否</b>しなければならない。"
"They <b>refused</b> entry.","彼らは入場を<b>拒ん</b>だ。"
"She politely <b>refused</b>.","彼女は丁寧に<b>断った</b>。"
"The system <b>refuses</b> invalid data.","そのシステムは無効データを<b>拒否</b>する。"

"Workers may <b>strike</b> tomorrow.","労働者は明日<b>ストライキ</b>するかもしれない。"
"Lightning <b>struck</b> the tree.","雷が木を<b>打った</b>。"
"The idea <b>struck</b> me.","その考えが私の心を<b>打った</b>。"
"Please <b>strike</b> the bell.","鐘を<b>打ち</b>鳴らしてください。"

"We will <b>repeat</b> the test.","テストを<b>繰り返</b>す。"
"She <b>repeated</b> the phrase.","彼女はその語句を<b>復唱</b>した。"
"History can <b>repeat</b> itself.","歴史は<b>繰り返</b>されることがある。"
"Don’t <b>repeat</b> the mistake.","同じ誤りを<b>繰り返</b>さないで。"

"We <b>consume</b> less energy.","私たちはエネルギーを<b>消費</b>を減らす。"
"He <b>consumed</b> the meal quickly.","彼は食事をすぐ<b>食べ</b>終えた。"
"The process <b>consumes</b> time.","その工程は時間を<b>消費</b>する。"
"Don’t <b>consume</b> too much sugar.","砂糖を<b>摂取</b>しすぎないで。"

"Don’t <b>confuse</b> facts and opinions.","事実と意見を<b>混同</b>しないで。"
"The instructions <b>confused</b> me.","その説明で私は<b>当惑</b>した。"
"Similar names <b>confuse</b> users.","似た名前がユーザーを<b>混乱</b>させる。"
"Try not to be <b>confused</b>.","<b>当惑</b>しないように努めなさい。"

"Please <b>select</b> a plan.","プランを<b>選ん</b>でください。"
"We <b>selected</b> the best option.","最善の選択肢を<b>選ん</b>だ。"
"You can <b>select</b> multiple files.","複数ファイルを<b>選択</b>できる。"
"They <b>selected</b> five winners.","彼らは5人の当選者を<b>えり抜い</b>た。"

"Species <b>evolve</b> over time.","種は時間をかけて<b>進化</b>する。"
"The product <b>evolved</b> gradually.","製品は徐々に<b>発展</b>した。"
"We <b>evolved</b> our approach.","私たちは手法を<b>進化</b>させた。"
"Ideas <b>evolve</b> with feedback.","アイデアはフィードバックで<b>発展</b>する。"

"Can you <b>convince</b> the client?","顧客を<b>納得</b>させられますか。"
"She <b>convinced</b> him to wait.","彼女は彼を待つよう<b>説得</b>した。"
"Data <b>convinced</b> the team.","データがチームを<b>確信</b>させた。"
"I’m <b>convinced</b> it will work.","それがうまくいくと<b>確信</b>している。"

"I can <b>recall</b> the details.","詳細を<b>思い出</b>せる。"
"They <b>recalled</b> the product.","彼らは製品を<b>回収</b>した。"
"Please <b>recall</b> the facts.","事実を<b>思い出</b>してください。"
"The bell <b>recalls</b> old times.","その鐘は昔を<b>思い出させ</b>る。"

"Don’t <b>destroy</b> the evidence.","証拠を<b>破壊</b>しないで。"
"The storm <b>destroyed</b> the bridge.","嵐が橋を<b>破壊</b>した。"
"Bad habits can <b>destroy</b> health.","悪習は健康を<b>損な</b>う。"
"The malware <b>destroyed</b> files.","マルウェアがファイルを<b>破壊</b>した。"

"We <b>preserve</b> old books.","古書を<b>保存</b>する。"
"The law <b>preserves</b> rights.","法律が権利を<b>保護</b>する。"
"Salt <b>preserves</b> food.","塩は食品を<b>保存</b>する。"
"They aim to <b>preserve</b> nature.","彼らは自然を<b>保護</b>することを目指す。"

"Please <b>organize</b> the files.","ファイルを<b>整理</b>してください。"
"We <b>organized</b> an event.","イベントを<b>準備</b>した。"
"She <b>organizes</b> her schedule.","彼女は予定を<b>整える</b>。"
"Workers <b>organized</b> a union.","労働者は組合を<b>組織</b>した。"

"<b>Warn</b> users of the risks.","ユーザーに危険を<b>警告</b>しなさい。"
"He <b>warned</b> us against fraud.","彼は詐欺に<b>注意</b>するよう警告した。"
"The sign <b>warns</b> drivers.","標識が運転者に<b>警告</b>する。"
"I was <b>warned</b> not to go.","私は行かないよう<b>警告</b>された。"

"Please <b>address</b> the issue.","その問題に<b>対処</b>してください。"
"He <b>addressed</b> the audience.","彼は聴衆に<b>演説</b>した。"
"<b>Address</b> the letter to HR.","手紙を人事部宛に<b>宛て</b>てください。"
"We <b>addressed</b> complaints.","苦情に<b>対応</b>した。"

"She can <b>operate</b> the machine.","彼女はその機械を<b>操作</b>できる。"
"The system <b>operates</b> smoothly.","そのシステムは円滑に<b>作動</b>する。"
"The surgeon <b>operated</b> for hours.","外科医は数時間<b>手術</b>した。"
"We <b>operate</b> globally.","私たちは世界で<b>事業</b>を展開している。"

"Please <b>participate</b> in the survey.","アンケートに<b>参加</b>してください。"
"Many students <b>participated</b>.","多くの学生が<b>参加</b>した。"
"Teams <b>participate</b> each year.","チームは毎年<b>参加</b>する。"
"Employees actively <b>participated</b>.","従業員が積極的に<b>参加</b>した。"

"Trees <b>surround</b> the house.","木々が家を<b>取り巻い</b>ている。"
"Mystery <b>surrounded</b> the event.","その出来事には謎が<b>まつわっ</b>た。"
"Walls <b>surround</b> the site.","壁がその敷地を<b>囲ん</b>でいる。"
"Noise <b>surrounded</b> us.","騒音が私たちを<b>取り巻い</b>た。"

"Water <b>flows</b> through the pipe.","水が管を<b>流れる</b>。"
"Ideas <b>flowed</b> easily.","アイデアが容易に<b>生じ</b>た。"
"Traffic <b>flows</b> slowly.","交通はゆっくり<b>流れる</b>。"
"Money <b>flowed</b> from donors.","資金が寄付者から<b>流れ出</b>た。"

"This ad may <b>bore</b> users.","この広告はユーザーを<b>退屈させ</b>るかもしれない。"
"The lecture <b>bored</b> me.","その講義は私を<b>うんざりさせ</b>た。"
"Don’t <b>bore</b> the audience.","聴衆を<b>退屈させ</b>ないで。"
"He looks <b>bored</b> today.","彼は今日は<b>退屈</b>そうだ。"

"She <b>complained</b> about delays.","彼女は遅延について<b>不平</b>を言った。"
"They <b>complained</b> loudly.","彼らは大声で<b>苦情</b>を言った。"
"Don’t <b>complain</b> without reason.","理由なく<b>不平</b>を言わないで。"
"He <b>complained</b> that it was unfair.","彼は不公平だと<b>訴え</b>た。"

"We <b>host</b> a conference.","私たちは会議を<b>主催</b>する。"
"She <b>hosted</b> the show.","彼女は番組の<b>司会</b>を務めた。"
"They <b>host</b> guests warmly.","彼らは来客を温かく<b>もてなす</b>。"
"Our city <b>hosts</b> the event.","我が市がそのイベントを<b>開催</b>する。"

"<b>Combine</b> data and feedback.","データとフィードバックを<b>結び付け</b>なさい。"
"We <b>combined</b> resources.","資源を<b>結び付け</b>た。"
"Oil doesn’t <b>combine</b> with water.","油は水と<b>混ざ</b>らない。"
"He <b>combined</b> two roles.","彼は2つの役割を<b>兼ね</b>た。"

"We’ll <b>extend</b> the deadline.","締め切りを<b>延長</b>する。"
"The road <b>extends</b> to the coast.","道路は海岸まで<b>伸び</b>ている。"
"Please <b>extend</b> your arm.","腕を<b>伸ば</b>してください。"
"Our services <b>extend</b> to Asia.","サービスはアジアにまで<b>及ぶ</b>。"
"We <b>appreciate</b> your help.","ご支援に<b>感謝</b>します。"
"I <b>appreciate</b> good design.","良いデザインを<b>鑑賞</b>する。"
"Investors <b>appreciated</b> the value.","投資家は価値を<b>正当に評価</b>した。"
"She <b>appreciates</b> the effort.","彼女は努力を<b>評価</b>している。"

"Define the <b>target</b> audience.","<b>対象</b>の聴衆を定義しなさい。"
"We hit our <b>target</b>.","私たちは<b>目標</b>を達成した。"
"Choose a clear <b>target</b>.","明確な<b>標的</b>を選びなさい。"
"<b>Target</b> key markets.","主要市場を<b>狙い</b>なさい。"

"Each part is an <b>element</b>.","各部は<b>要素</b>だ。"
"Add a new <b>element</b>.","新しい<b>成分</b>を追加しなさい。"
"We found trace <b>elements</b>.","微量<b>元素</b>を見つけた。"
"This is a key <b>element</b>.","これは重要な<b>要素</b>だ。"

"Follow core <b>principles</b>.","中核の<b>原則</b>に従いなさい。"
"It’s a first <b>principle</b>.","それは最初の<b>原理</b>だ。"
"He has strong <b>principles</b>.","彼は強い<b>信条</b>を持つ。"
"Explain the <b>principle</b> simply.","その<b>原理</b>を簡単に説明しなさい。"

"It’s a common <b>phenomenon</b>.","それは一般的な<b>現象</b>だ。"
"The <b>phenomenon</b> spread quickly.","その<b>現象</b>は急速に広がった。"
"We observed a rare <b>phenomenon</b>.","珍しい<b>現象</b>を観察した。"
"Explain this <b>phenomenon</b>.","この<b>現象</b>を説明しなさい。"

"The <b>atmosphere</b> warmed.","<b>大気</b>が暖まった。"
"A friendly <b>atmosphere</b> helped.","友好的な<b>雰囲気</b>が役立った。"
"We measured <b>atmospheric</b> pressure.","<b>大気</b>圧を測定した。"
"Improve the office <b>atmosphere</b>.","オフィスの<b>雰囲気</b>を改善しなさい。"

"Trace the <b>origin</b> of the word.","その語の<b>起源</b>をたどりなさい。"
"This river’s <b>origin</b> is unknown.","この川の<b>源</b>は不明だ。"
"The <b>origin</b> of the idea is clear.","その考えの<b>出所</b>は明確だ。"
"We studied human <b>origins</b>.","人類の<b>起源</b>を研究した。"

"Her <b>personality</b> is warm.","彼女の<b>性格</b>は温かい。"
"A strong <b>personality</b> stands out.","強い<b>個性</b>は際立つ。"
"We assess <b>personality</b> traits.","<b>性格</b>特性を評価する。"
"He has a unique <b>personality</b>.","彼はユニークな<b>個性</b>を持つ。"

"Room <b>capacity</b> is 100.","部屋の<b>収容能力</b>は100だ。"
"She has the <b>capacity</b> to lead.","彼女には指導する<b>潜在能力</b>がある。"
"We reached full <b>capacity</b>.","<b>最大容量</b>に達した。"
"Increase battery <b>capacity</b>.","電池の<b>容量</b>を増やしなさい。"

"We aim for higher <b>profit</b>.","より高い<b>利益</b>を目指す。"
"The project turned a <b>profit</b>.","そのプロジェクトは<b>収益</b>を上げた。"
"Share <b>profits</b> fairly.","<b>利益</b>を公正に分配しなさい。"
"This deal is <b>profitable</b>.","この取引は<b>得</b>になる。"

"Given the <b>circumstances</b>, we agreed.","その<b>状況</b>を考え、同意した。"
"He overcame difficult <b>circumstances</b>.","彼は困難な<b>事情</b>を克服した。"
"Under these <b>circumstances</b>, wait.","この<b>状況</b>では待ちなさい。"
"The <b>circumstances</b> changed quickly.","<b>事態</b>は急速に変化した。"

"Mind your <b>manners</b>.","<b>作法</b>に気をつけなさい。"
"Her <b>manner</b> of speaking is clear.","彼女の話し<b>方</b>は明瞭だ。"
"We learned a new <b>manner</b> of work.","新しい<b>方法</b>を学んだ。"
"His <b>manner</b> was gentle.","彼の<b>物腰</b>は柔らかかった。"

"A cyber <b>threat</b> emerged.","サイバー<b>脅威</b>が現れた。"
"This is a serious <b>threat</b>.","これは深刻な<b>脅威</b>だ。"
"Storms <b>threaten</b> crops.","嵐が作物を<b>脅かす</b>。"
"He <b>threatened</b> legal action.","彼は法的措置を<b>脅し</b>に使った。"

"Local <b>residents</b> objected.","地元の<b>居住者</b>が反対した。"
"A long-term <b>resident</b> spoke.","長期<b>居住者</b>が発言した。"
"We surveyed <b>residents</b>.","<b>住民</b>を調査した。"
"Many <b>residents</b> attended.","多くの<b>住民</b>が出席した。"

"He gained <b>wealth</b> quickly.","彼は素早く<b>富</b>を得た。"
"National <b>wealth</b> increased.","国家の<b>資源</b>が増えた。"
"Share the <b>wealth</b>.","<b>富</b>を分かち合いなさい。"
"Personal <b>wealth</b> matters.","個人の<b>富裕</b>は重要だ。"

"A research <b>institution</b> joined.","研究<b>機関</b>が参加した。"
"He works at a public <b>institution</b>.","彼は公的<b>施設</b>で働く。"
"Trust the <b>institution</b>.","その<b>機関</b>を信頼しなさい。"
"Educational <b>institutions</b> cooperate.","教育<b>機関</b>が協力する。"

"The <b>authority</b> issued a notice.","<b>当局</b>が通知を出した。"
"She has <b>authority</b> over hiring.","彼女には採用の<b>権限</b>がある。"
"He is an <b>authority</b> on AI.","彼はAIの<b>権威</b>だ。"
"Question the <b>authorities</b>.","<b>当局</b>に疑問を投げかけなさい。"

"Please <b>vote</b> today.","今日は<b>投票</b>してください。"
"The <b>vote</b> was close.","<b>投票</b>結果は僅差だった。"
"We lost our <b>vote</b> rights.","<b>選挙権</b>を失った。"
"They <b>voted</b> for change.","彼らは変化に<b>投票</b>した。"

"The <b>sight</b> was amazing.","その<b>光景</b>は見事だった。"
"We visited the <b>sights</b>.","名<b>所</b>を訪れた。"
"He has poor <b>sight</b>.","彼は<b>視力</b>が弱い。"
"Keep the goal in <b>sight</b>.","目標を<b>視野</b>に入れておきなさい。"
